key_bits,recovered_zeros_x,recovered_zeros_y,wrong_zeros_x,wrong_zeros_y,queries,traces,calibration_traces,threshold,tpr,tnr,attack_tpr,attack_tnr,duration_seconds,test_outcomes_0_false,test_outcomes_0_true,test_outcomes_1_false,test_outcomes_1_true,test_outcomes_2_false,test_outcomes_2_true
17669,9489,11260,0,0,1737,,,,,,1,1,0.360200937,748,430,301,129,0,129
17669,10478,10286,0,0,2406,,,,,,1,1,0.508139318,983,637,488,149,0,149
17669,10908,9894,2,0,2663,,,,,,1,1,0.565136969,1164,671,514,157,1,156
17669,10887,9914,2,2,3211,,,,,,1,1,0.701243521,1455,800,644,156,2,154
17669,10677,10057,0,0,4339,,,,,,1,1,0.88139818,2047,1065,903,162,2,160
17669,11560,9470,0,2,4141,,,,,,1,1,0.911019184,1876,1055,900,155,0,155
17669,9653,11081,2,2,4559,,,,,,1,1,1.002538792,2176,1095,902,193,4,189
17669,10911,9823,0,0,5116,,,,,,1,1,1.060466885,2426,1252,1066,186,0,186
17669,10413,10578,0,2,5272,,,,,,1,1,1.096934206,2447,1312,1111,201,3,198
17669,10854,10056,0,2,4847,,,,,,1,1,1.099777672,2197,1230,1040,190,1,189
17669,10211,10589,0,0,5133,,,,,,1,1,1.110062902,2498,1220,1025,195,0,195
17669,10474,10257,0,0,5594,,,,,,1,1,1.201700432,2571,1405,1192,213,0,213
17669,9873,10868,0,0,2961,,,,,,1,1,0.667481044,1269,768,612,156,0,156
17669,10548,10431,2,2,3495,,,,,,1,1,0.797823053,1638,842,669,173,0,173
17669,10335,10745,2,0,1369,,,,,,1,1,0.285968488,550,350,231,119,2,117
17669,10514,10295,0,0,6084,,,,,,1,1,1.41349255,2888,1499,1301,198,2,196
17669,10222,10587,0,0,7372,,,,,,1,1,1.4943102129999999,3565,1795,1578,217,1,216
17669,10658,10080,0,1,2523,,,,,,1,1,0.590284447,1085,637,473,164,1,163
17669,9971,10844,0,2,2185,,,,,,1,1,0.447563041,866,582,427,155,1,154
17669,9175,11569,0,0,2969,,,,,,1,1,0.602872007,1283,771,627,144,0,144
17669,11411,9352,2,0,2763,,,,,,1,1,0.56994213,1172,717,560,157,0,157
17669,10236,10495,0,0,4104,,,,,,1,1,0.86646963,1906,1010,832,178,2,176
17669,11805,8933,0,0,3284,,,,,,1,1,0.775540721,1497,818,667,151,0,151
17669,10166,10566,0,0,4381,,,,,,1,1,0.963761182,1996,1099,912,187,0,187
17669,9928,10935,0,4,11538,,,,,,1,1,2.331594635,5697,2801,2562,239,1,238
17669,10993,9994,0,4,7318,,,,,,1,1,1.491388216,3567,1782,1595,187,2,185
17669,11092,9640,0,2,2968,,,,,,1,1,0.593345855,1353,729,572,157,0,157
17669,9760,11335,0,0,4791,,,,,,1,1,0.986576171,2258,1181,1010,171,0,171
17669,10650,10454,0,0,5723,,,,,,1,1,1.163734541,2821,1357,1169,188,0,188
17669,9917,10980,0,0,8743,,,,,,1,1,1.778178344,4289,2107,1867,240,0,240
17669,10912,10002,0,2,13888,,,,,,1,1,2.892264848,6990,3323,3071,252,0,252
17669,10183,10829,0,0,14511,,,,,,1,1,3.097448784,7236,3503,3234,269,0,269
17669,10995,9738,2,0,16230,,,,,,1,1,3.398090526,8396,3805,3581,224,1,223
17669,9839,10899,0,0,4132,,,,,,1,1,0.92093044,1883,1031,844,187,0,187
17669,10552,10351,0,2,3396,,,,,,1,1,0.914928745,1614,816,666,150,2,148
17669,9477,11257,0,4,6484,,,,,,1,1,1.4122440969999999,3113,1581,1372,209,2,207
17669,10936,9795,0,0,10527,,,,,,1,1,2.21881752,5386,2455,2224,231,2,229
17669,11051,9683,2,0,2460,,,,,,1,1,0.546743357,1091,607,452,155,1,154
17669,10846,10245,5,0,15474,,,,,,1,1,3.434736752,7774,3719,3457,262,2,260
17669,10098,10785,0,4,15070,,,,,,1,1,3.098842153,7652,3582,3328,254,1,253
17669,10169,10593,0,2,22351,,,,,,1,1,4.544601763,11594,5226,4921,305,3,302
17669,10896,9351,1,1,35491,,,,,,1,1,7.409738838,18663,8275,7997,278,1,277
17669,8813,10486,0,4,36976,,,,,,1,1,7.644869852,18954,8863,8567,296,8,288
17669,9455,11298,2,0,4287,,,,,,1,1,0.868835382,1983,1055,861,194,2,192
17669,9633,10520,2,2,36146,,,,,,1,1,7.750637211,18856,8498,8204,294,6,288
17669,9514,10878,2,0,36174,,,,,,1,1,7.778662305,18259,8824,8557,267,2,265
17669,10020,9149,2,0,37832,,,,,,1,1,7.859635529,19169,9180,8877,303,1,302
17669,10341,8234,0,0,36744,,,,,,1,1,7.648480988,18950,8773,8525,248,2,246
17669,10845,8230,2,0,39045,,,,,,1,1,8.185691775,19685,9529,9227,302,8,294
17669,10565,9329,4,0,35975,,,,,,1,1,7.517021306,18463,8615,8333,282,4,278
17669,11338,9540,0,0,8255,,,,,,1,1,1.7539514299999999,3918,2053,1822,231,1,230
17669,10908,9985,0,2,4100,,,,,,1,1,0.838021263,1900,1016,848,168,1,167
17669,10372,10538,0,0,33713,,,,,,1,1,7.331834064,17357,8012,7680,332,3,329
17669,9733,10999,0,0,5071,,,,,,1,1,1.045630259,2367,1255,1061,194,0,194
17669,10379,10159,4,0,37630,,,,,,1,1,7.828263325,19261,9029,8718,311,0,311
17669,10246,10491,4,0,3849,,,,,,1,1,0.782026995,1780,949,778,171,4,167
17669,10462,10129,4,2,37217,,,,,,1,1,7.810405059,18845,9039,8745,294,4,290
17669,10179,10563,0,0,3232,,,,,,1,1,0.668211754,1419,826,665,161,0,161
17669,10826,9259,0,4,36604,,,,,,1,1,7.615406652,18576,8866,8570,296,3,293
17669,10797,9107,2,0,36108,,,,,,1,1,7.434253561,18644,8579,8273,306,2,304
17669,9194,11540,0,0,9367,,,,,,1,1,2.12388996,4490,2315,2068,247,1,246
17669,9068,10875,0,3,35338,,,,,,1,1,7.428974965,18653,8212,7951,261,5,256
17669,8567,10821,2,0,39002,,,,,,1,1,8.127865986,19235,9707,9354,353,6,347
17669,10271,8485,0,0,38520,,,,,,1,1,8.034860889,19271,9475,9176,299,3,296
17669,9881,10851,0,2,10205,,,,,,1,1,2.110935527,5001,2481,2239,242,1,241
17669,10635,10105,4,0,7494,,,,,,1,1,1.5126214569999998,3709,1795,1600,195,1,194
17669,10130,10455,2,2,37427,,,,,,1,1,7.708465301,19359,8875,8557,318,2,316
17669,9580,11164,0,2,4669,,,,,,1,1,0.99118284,2192,1150,973,177,2,175
17669,10619,10125,0,0,3317,,,,,,1,1,0.676058974,1522,814,647,167,0,167
17669,9288,11454,0,0,4203,,,,,,1,1,0.843237989,1872,1073,888,185,1,184
17669,10888,9079,0,0,37101,,,,,,1,1,7.571272726,18980,8919,8636,283,1,282
17669,11109,9753,4,0,20576,,,,,,1,1,4.450798609,10229,5026,4731,295,8,287
17669,9581,11154,2,1,9085,,,,,,1,1,1.8960301670000002,4595,2125,1885,240,5,235
17669,9341,11403,0,0,3480,,,,,,1,1,0.709686579,1593,865,708,157,0,157
17669,10974,9646,2,2,38332,,,,,,1,1,7.931709297,19595,9218,8917,301,2,299
17669,10078,10782,3,1,12270,,,,,,1,1,2.502392399,5971,3034,2803,231,5,226
17669,11190,9790,0,0,5357,,,,,,1,1,1.076471219,2473,1340,1136,204,0,204
17669,9572,10906,0,2,37178,,,,,,1,1,7.560637793,18952,8965,8669,296,3,293
17669,9380,9052,0,0,38846,,,,,,1,1,8.080657001,19572,9490,9196,294,1,293
17669,10588,10321,2,2,2345,,,,,,1,1,0.476694071,1010,597,456,141,1,140
17669,10523,10520,0,2,1365,,,,,,1,1,0.298414456,529,360,244,116,0,116
17669,10536,10196,0,0,18595,,,,,,1,1,3.960162484,9210,4554,4277,277,0,277
17669,10412,10378,2,1,5955,,,,,,1,1,1.210611517,2868,1436,1221,215,4,211
17669,10048,10703,2,0,3857,,,,,,1,1,0.778359388,1735,974,800,174,2,172
17669,10395,10509,2,2,4826,,,,,,1,1,0.988543067,2293,1170,977,193,1,192
17669,9479,11255,3,2,18155,,,,,,1,1,3.710154351,9176,4368,4125,243,2,241
17669,10331,10400,1,1,28743,,,,,,1,1,5.829631346,14629,6922,6652,270,3,267
17669,10120,10624,0,2,4446,,,,,,1,1,0.904321872,2008,1137,973,164,0,164
17669,10319,10640,0,0,8092,,,,,,1,1,1.653087816,3896,1991,1777,214,0,214
17669,10566,10391,0,2,4487,,,,,,1,1,0.906878004,2023,1146,974,172,3,169
17669,9769,10964,0,3,2051,,,,,,1,1,0.41738235,803,546,390,156,0,156
17669,10522,10220,0,0,2753,,,,,,1,1,0.56588198,1207,696,542,154,1,153
17669,11319,9742,0,0,4237,,,,,,1,1,0.891132295,2024,1017,838,179,1,178
17669,10487,10245,0,0,19814,,,,,,1,1,4.025943978,9786,4863,4561,302,1,301
17669,11225,9509,0,0,4602,,,,,,1,1,0.932141254,2093,1155,956,199,0,199
17669,10096,10070,0,2,37045,,,,,,1,1,7.556962031,19003,8872,8574,298,3,295
17669,10475,10277,0,0,6495,,,,,,1,1,1.314502412,2946,1664,1443,221,1,220
17669,10744,10022,0,0,3992,,,,,,1,1,0.813526583,1808,1001,819,182,1,181
17669,10755,9983,0,0,8164,,,,,,1,1,1.6945471699999999,4051,1950,1737,213,0,213
17669,9545,11187,0,0,3055,,,,,,1,1,0.618616358,1289,801,637,164,0,164
17669,7995,9070,4,2,37029,,,,,,1,1,7.7700847280000005,18969,8913,8679,234,3,231
17669,9218,10993,2,4,34580,,,,,,1,1,7.221841922,18376,7968,7700,268,3,265
17669,9158,10676,0,0,36637,,,,,,1,1,7.493156205,19037,8643,8329,314,1,313
17669,10412,9028,4,2,37553,,,,,,1,1,7.67376189,19242,9010,8719,291,2,289
17669,10835,9915,0,0,3484,,,,,,1,1,0.714710474,1529,895,730,165,0,165
17669,11166,9570,0,0,2944,,,,,,1,1,0.599406564,1302,738,572,166,0,166
17669,10011,10511,0,0,37018,,,,,,1,1,7.477183914,18809,8948,8635,313,1,312
17669,9974,10892,2,2,3178,,,,,,1,1,0.660012741,1528,745,585,160,4,156
17669,9429,9791,5,0,35224,,,,,,1,1,7.199724644,18177,8397,8144,253,2,251
17669,8550,9701,0,2,36411,,,,,,1,1,7.420335606,19200,8478,8223,255,6,249
17669,10675,10101,2,0,2422,,,,,,1,1,0.499640783,1046,618,478,140,1,139
17669,9723,10928,2,0,34566,,,,,,1,1,7.062265746,18003,8136,7845,291,3,288
17669,10141,9952,3,0,36024,,,,,,1,1,7.282381691,18487,8620,8323,297,3,294
17669,9251,8511,3,0,38450,,,,,,1,1,7.769671846,19662,9266,9010,256,1,255
17669,9721,9170,2,0,36920,,,,,,1,1,7.489573703,19085,8767,8466,301,13,288
17669,11215,8866,2,0,36447,,,,,,1,1,7.398579442,18608,8787,8522,265,3,262
17669,10737,10015,0,0,2855,,,,,,1,1,0.634747041,1250,729,582,147,0,147
17669,8118,11337,0,3,38866,,,,,,1,1,7.962506298,19324,9606,9276,330,7,323
17669,10006,10851,0,2,6176,,,,,,1,1,1.247303873,2964,1512,1324,188,1,187
17669,9453,9795,0,0,36389,,,,,,1,1,7.492693774,18925,8574,8258,316,4,312
17669,10501,10230,0,0,4376,,,,,,1,1,0.885990921,2023,1087,908,179,0,179
17669,10088,10892,2,4,6541,,,,,,1,1,1.328203846,3166,1590,1395,195,6,189
17669,10107,10691,0,0,746,,,,,,1,1,0.158421925,251,203,114,89,0,89
17669,10796,9748,0,2,37341,,,,,,1,1,7.529783714,18783,9102,8748,354,2,352
17669,10927,9017,1,0,36217,,,,,,1,1,7.346203442,18527,8692,8386,306,2,304
17669,10826,9781,2,0,37850,,,,,,1,1,7.691983658,19136,9183,8835,348,2,346
17669,10154,10162,0,0,35010,,,,,,1,1,7.2044053,18075,8326,8043,283,1,282
17669,10405,9700,0,0,35969,,,,,,1,1,7.430752254,18329,8677,8391,286,3,283
17669,9387,11315,0,0,34591,,,,,,1,1,7.072985497,17775,8259,7961,298,2,296
17669,10120,10677,0,0,1278,,,,,,1,1,0.272050632,482,340,224,116,0,116
17669,10448,10552,2,0,10834,,,,,,1,1,2.198654581,5299,2659,2442,217,2,215
17669,10219,9006,2,0,34652,,,,,,1,1,7.187491838,18273,8059,7798,261,4,257
17669,10364,9734,0,0,35230,,,,,,1,1,7.199083524,18372,8275,7967,308,3,305
17669,10082,9496,2,1,34742,,,,,,1,1,7.255303075,18224,8128,7866,262,10,252
17669,10454,9687,4,1,38590,,,,,,1,1,7.819257551,19799,9221,8872,349,17,332
17669,8807,10122,0,2,35147,,,,,,1,1,7.31420792,18389,8249,7989,260,5,255
17669,10078,9989,0,0,35060,,,,,,1,1,7.162931837,18451,8175,7916,259,1,258
17669,11161,9578,0,0,3279,,,,,,1,1,0.666590305,1481,821,665,156,0,156
17669,10632,10331,2,0,3232,,,,,,1,1,0.658675455,1461,801,632,169,1,168
17669,9969,10162,4,5,37582,,,,,,1,1,7.640537421,19285,8987,8664,323,11,312
17669,10601,10328,1,2,18730,,,,,,1,1,3.8382495199999997,9263,4598,4327,271,11,260
17669,9633,10889,2,0,34585,,,,,,1,1,7.058167542,18117,8093,7811,282,3,279
17669,10482,10250,0,2,4645,,,,,,1,1,0.946075902,2119,1162,960,202,0,202
17669,10590,10143,0,2,12007,,,,,,1,1,2.405670272,5748,2997,2732,265,1,264
17669,9829,10805,0,0,34315,,,,,,1,1,7.1037871,18118,7960,7683,277,0,277
17669,10285,10316,4,0,35525,,,,,,1,1,7.240099415,18560,8343,8064,279,5,274
17669,10535,10224,0,0,3198,,,,,,1,1,0.651577125,1479,784,633,151,0,151
17669,10923,9583,0,0,36920,,,,,,1,1,7.554581255,18890,8867,8571,296,0,296
17669,8807,10608,0,0,35602,,,,,,1,1,7.286041367,18542,8387,8101,286,4,282
17669,9798,10967,0,2,1837,,,,,,1,1,0.377038511,768,469,338,131,1,130
17669,9177,10075,2,0,35299,,,,,,1,1,7.155728378,18354,8343,8084,259,2,257
17669,10617,10115,0,0,11787,,,,,,1,1,2.382581819,5931,2818,2598,220,0,220
17669,9397,11335,0,0,12643,,,,,,1,1,2.562080141,6201,3113,2897,216,0,216
17669,9856,10877,2,0,6956,,,,,,1,1,1.413639219,3332,1717,1527,190,1,189
17669,10226,10515,0,0,1968,,,,,,1,1,0.406876299,802,513,373,140,0,140
17669,9319,10977,0,4,36513,,,,,,1,1,7.440727536,19012,8593,8278,315,3,312
17669,9838,9070,2,2,35724,,,,,,1,1,7.355898163,18673,8383,8098,285,10,275
17669,10001,10400,2,0,37513,,,,,,1,1,7.563579511,19000,9112,8823,289,0,289
17669,10033,10734,0,0,3276,,,,,,1,1,0.665250748,1488,808,636,172,1,171
17669,10388,10347,2,0,14406,,,,,,1,1,2.9053576469999998,7455,3353,3108,245,2,243
17669,9485,9459,2,0,37128,,,,,,1,1,7.54359598,18778,9026,8728,298,1,297
17669,9472,11330,0,2,13323,,,,,,1,1,2.747092914,6585,3242,2988,254,0,254
17669,10090,10447,0,0,37675,,,,,,1,1,7.576738259,18918,9216,8891,325,4,321
17669,10670,10064,0,0,6442,,,,,,1,1,1.326987213,3162,1542,1346,196,0,196
17669,10937,9791,0,0,35392,,,,,,1,1,7.200312286,18463,8313,8010,303,0,303
17669,10073,10846,2,0,25247,,,,,,1,1,5.170044465,12751,6081,5747,334,2,332
17669,9844,11015,0,0,2730,,,,,,1,1,0.55390182,1197,687,528,159,0,159
17669,10659,10202,0,0,2553,,,,,,1,1,0.517462059,1078,664,517,147,0,147
17669,9843,9819,7,0,35564,,,,,,1,1,7.315175801,18136,8576,8300,276,3,273
17669,10163,10732,0,0,6695,,,,,,1,1,1.396702186,3241,1618,1400,218,0,218
17669,10423,10075,0,0,35546,,,,,,1,1,7.299576314,18040,8597,8285,312,0,312
17669,11160,9551,3,0,35306,,,,,,1,1,7.145984462,18570,8217,7915,302,5,297
17669,11516,9382,0,0,4900,,,,,,1,1,1.020546235,2383,1171,996,175,0,175
17669,9559,11213,2,0,1460,,,,,,1,1,0.307766305,565,387,266,121,1,120
17669,8927,8964,0,0,38804,,,,,,1,1,7.916791746,19877,9327,9054,273,1,272
17669,10639,9940,0,2,36363,,,,,,1,1,7.489972766,18838,8609,8302,307,2,305
17669,10680,9779,2,0,36339,,,,,,1,1,7.476248282,18469,8779,8467,312,2,310
17669,9742,10995,0,0,6640,,,,,,1,1,1.416967202,3157,1643,1446,197,0,197
17669,10187,10828,0,0,5436,,,,,,1,1,1.154623662,2736,1256,1068,188,0,188
17669,10637,10099,0,0,1929,,,,,,1,1,0.403599678,826,485,352,133,0,133
17669,9706,10698,2,0,36713,,,,,,1,1,7.648264099,18700,8832,8483,349,9,340
17669,10421,10463,3,0,33228,,,,,,1,1,6.859353197,16817,8054,7751,303,1,302
17669,8980,9279,2,2,38348,,,,,,1,1,8.043679354,19041,9506,9211,295,5,290
17669,10163,10588,0,0,1727,,,,,,1,1,0.352169567,708,443,310,133,1,132
17669,10361,10260,2,2,35335,,,,,,1,1,7.205094392,18014,8524,8251,273,6,267
17669,11913,8473,0,0,35514,,,,,,1,1,7.477770323,18234,8492,8196,296,2,294
17669,10355,10541,0,0,1786,,,,,,1,1,0.370044144,758,449,319,130,0,130
17669,11003,8909,2,0,37289,,,,,,1,1,7.5671306640000005,18990,8993,8680,313,2,311
17669,10899,9917,0,0,9094,,,,,,1,1,1.896695534,4447,2207,1974,233,1,232
17669,9803,8757,0,0,38803,,,,,,1,1,8.060258385,19362,9573,9278,295,1,294
17669,9823,10910,0,0,3183,,,,,,1,1,0.65025117,1519,755,601,154,0,154
17669,10327,10506,0,2,6086,,,,,,1,1,1.238727058,2928,1489,1309,180,2,178
17669,10511,10238,0,0,5002,,,,,,1,1,1.013895902,2356,1224,1026,198,0,198
17669,10490,10310,2,2,4095,,,,,,1,1,0.844391267,1905,1019,867,152,0,152
17669,9946,9676,2,2,37560,,,,,,1,1,7.662823997,19244,9015,8729,286,4,282
17669,10464,9024,2,0,35517,,,,,,1,1,7.198079546,18727,8250,7960,290,0,290
17669,9258,11466,0,2,36227,,,,,,1,1,7.431611082,18432,8743,8434,309,5,304
17669,10173,10559,0,0,13530,,,,,,1,1,2.839910302,6666,3304,3048,256,0,256
17669,9548,10312,0,0,35447,,,,,,1,1,7.276441819,18558,8301,8014,287,3,284
17669,10063,10085,2,2,37499,,,,,,1,1,7.986536475,19171,9001,8675,326,5,321
17669,10738,9025,4,0,34594,,,,,,1,1,7.176356702,18309,7993,7694,299,6,293
17669,10403,10330,0,0,7012,,,,,,1,1,1.470276068,3526,1635,1419,216,0,216
17669,10749,10226,0,0,8908,,,,,,1,1,1.8202390880000001,4385,2153,1936,217,1,216
17669,8963,10282,0,2,34488,,,,,,1,1,7.232592645,18496,7872,7624,248,1,247
17669,10448,9439,0,0,35523,,,,,,1,1,7.235548362,18427,8409,8131,278,0,278
17669,11220,9517,2,0,1731,,,,,,1,1,0.350216163,685,453,313,140,2,138
17669,9597,11135,0,0,4799,,,,,,1,1,0.976252006,2321,1147,963,184,0,184
17669,10708,9109,6,4,35313,,,,,,1,1,7.256976773,18103,8467,8191,276,7,269
17669,9102,10464,0,2,37912,,,,,,1,1,7.830658023,19065,9266,8951,315,2,313
17669,11020,10088,0,0,3024,,,,,,1,1,0.616877437,1368,747,585,162,0,162
17669,11130,9603,0,0,2818,,,,,,1,1,0.575276501,1310,679,529,150,0,150
17669,10143,10677,5,0,17569,,,,,,1,1,3.68743605,8845,4213,3915,298,4,294
17669,10013,10124,0,2,36734,,,,,,1,1,7.6290667039999995,18780,8810,8476,334,2,332
17669,10338,10399,0,0,3247,,,,,,1,1,0.656049164,1417,833,669,164,2,162
17669,11119,9654,0,0,5964,,,,,,1,1,1.206011364,2738,1515,1319,196,0,196
17669,10704,10409,0,2,2260,,,,,,1,1,0.461088686,940,589,447,142,1,141
17669,9814,10931,0,2,5551,,,,,,1,1,1.1519442500000001,2646,1351,1148,203,0,203
17669,8810,10726,0,3,37800,,,,,,1,1,7.814423741,19320,9080,8760,320,7,313
17669,8946,9186,0,0,36780,,,,,,1,1,7.477344696,19040,8745,8495,250,2,248
17669,10304,10427,0,0,22931,,,,,,1,1,4.737467311,11653,5500,5222,278,3,275
17669,9008,8830,0,0,37949,,,,,,1,1,7.688909005,19322,9174,8895,279,2,277
17669,10689,8501,2,0,35889,,,,,,1,1,7.512966688,18755,8427,8147,280,2,278
17669,9070,9613,1,0,36548,,,,,,1,1,7.621959267,19136,8559,8265,294,4,290
17669,10716,9284,0,0,35905,,,,,,1,1,7.361560292,18643,8478,8172,306,3,303
17669,9951,10917,1,2,17644,,,,,,1,1,3.738391596,8930,4230,3976,254,6,248
17669,10252,10482,0,0,1801,,,,,,1,1,0.370945015,730,475,354,121,0,121
17669,10541,10197,0,0,4440,,,,,,1,1,0.925789998,2041,1105,916,189,1,188
17669,9673,11077,2,0,5595,,,,,,1,1,1.12738266,2587,1409,1219,190,2,188
17669,9954,10819,0,0,1146,,,,,,1,1,0.254318999,431,308,209,99,2,97
17669,9187,11545,0,0,2865,,,,,,1,1,0.580808731,1210,745,580,165,0,165
17669,10290,8099,0,0,36561,,,,,,1,1,7.610428103,18740,8787,8540,247,0,247
17669,9335,8955,0,0,36328,,,,,,1,1,7.522949626,18474,8792,8522,270,0,270
17669,9836,10946,2,8,29815,,,,,,1,1,6.215846773,14985,7251,6923,328,12,316
17669,11571,9160,0,0,3094,,,,,,1,1,0.63129442,1401,760,587,173,0,173
17669,10393,10172,5,0,36964,,,,,,1,1,7.558401456,18807,8925,8618,307,0,307
17669,8455,9585,2,0,36642,,,,,,1,1,7.382809344,18656,8858,8588,270,2,268
17669,8957,10269,0,0,36414,,,,,,1,1,7.392224643,18870,8627,8337,290,2,288
17669,10281,10371,4,2,35511,,,,,,1,1,7.20943803,18542,8343,8060,283,2,281
17669,9137,10221,3,0,36341,,,,,,1,1,7.421869679,18672,8690,8401,289,4,285
17669,9623,11115,0,0,1878,,,,,,1,1,0.386173228,776,484,350,134,0,134
17669,10515,10224,0,0,2385,,,,,,1,1,0.489728059,1040,602,461,141,0,141
17669,9120,9852,0,2,35704,,,,,,1,1,7.286415425,18679,8367,8076,291,1,290
17669,10859,9873,0,1,2758,,,,,,1,1,0.55927997,1235,685,532,153,0,153
17669,10611,9278,2,0,35333,,,,,,1,1,7.239805566,18625,8210,7922,288,4,284
17669,9853,10878,0,0,22442,,,,,,1,1,4.558199575,11428,5369,5093,276,4,272
17669,9216,11856,0,0,1775,,,,,,1,1,0.374868385,770,437,306,131,0,131
17669,9667,9498,0,4,36486,,,,,,1,1,7.460754713,18989,8607,8324,283,0,283
17669,10061,10387,0,3,37949,,,,,,1,1,7.798537008,19332,9157,8854,303,3,300
17669,10248,10692,0,0,2393,,,,,,1,1,0.486046642,1005,628,496,132,1,131
17669,10275,10818,0,3,15641,,,,,,1,1,3.2485823,7996,3698,3449,249,3,246
17669,10375,10670,2,0,3351,,,,,,1,1,0.70635366,1519,830,658,172,1,171
17669,10134,10446,0,0,36223,,,,,,1,1,7.342470567,18693,8617,8321,296,0,296
17669,10952,9806,2,2,2474,,,,,,1,1,0.505424158,1105,607,452,155,1,154
17669,11061,9671,2,0,3968,,,,,,1,1,0.816666237,1754,1009,813,196,1,195
17669,10298,9615,2,0,35560,,,,,,1,1,7.39006698,18351,8461,8174,287,2,285
17669,10259,10149,3,2,35001,,,,,,1,1,7.24706785,18248,8243,7976,267,2,265
17669,8137,10095,2,0,36538,,,,,,1,1,7.40661832,19153,8556,8283,273,6,267
17669,10083,11018,2,2,28602,,,,,,1,1,5.875189746,14830,6722,6394,328,2,326
17669,8990,11742,0,4,11302,,,,,,1,1,2.291562067,5652,2715,2495,220,1,219
17669,10882,9849,0,0,15157,,,,,,1,1,3.0929483,7757,3564,3292,272,0,272
17669,9468,11471,2,0,1806,,,,,,1,1,0.370331278,741,470,345,125,1,124
17669,10084,10381,4,2,35887,,,,,,1,1,7.451737151,18493,8550,8256,294,3,291
17669,10454,10278,0,0,9543,,,,,,1,1,1.955974919,4690,2317,2098,219,0,219
17669,10464,10322,0,0,1368,,,,,,1,1,0.291979036,530,356,230,126,1,125
17669,7951,9949,0,0,38910,,,,,,1,1,8.054585993,19806,9405,9111,294,1,293
17669,10380,10351,2,2,19319,,,,,,1,1,3.9491709090000002,9724,4670,4415,255,1,254
17669,10351,10381,2,0,3643,,,,,,1,1,0.84838689,1657,903,723,180,0,180
17669,10807,9805,2,2,35176,,,,,,1,1,7.280890782,18240,8315,8009,306,5,301
17669,10690,10365,0,0,3001,,,,,,1,1,0.762571473,1347,757,617,140,1,139
17669,11192,9441,0,2,35892,,,,,,1,1,7.50200096,18475,8541,8206,335,2,333
17669,10980,9751,2,0,34484,,,,,,1,1,7.09031498,17887,8141,7826,315,5,310
17669,9504,10335,0,0,35879,,,,,,1,1,7.539199312,18896,8355,8082,273,1,272
17669,9830,10828,2,0,33800,,,,,,1,1,7.259816645,18212,7655,7377,278,4,274
17669,10788,9304,4,2,35368,,,,,,1,1,7.500829267,18369,8360,8081,279,4,275
17669,9572,10119,2,0,34800,,,,,,1,1,7.095143462,18267,8128,7851,277,2,275
17669,10275,10825,2,7,14947,,,,,,1,1,3.221654462,7610,3559,3340,219,4,215
17669,9228,10249,0,1,36124,,,,,,1,1,7.562923314,18748,8540,8244,296,0,296
17669,8993,10510,0,3,38629,,,,,,1,1,8.052503482,19415,9456,9154,302,1,301
17669,10726,10221,2,0,4383,,,,,,1,1,0.972838235,2060,1070,887,183,2,181
17669,10394,10337,0,0,37706,,,,,,1,1,7.706749716,19173,9115,8812,303,2,301
17669,9577,11221,2,0,1072,,,,,,1,1,0.226425186,412,278,174,104,0,104
17669,11449,9282,0,0,11138,,,,,,1,1,2.329824093,5562,2670,2434,236,1,235
17669,11194,9542,0,0,3480,,,,,,1,1,0.718160841,1564,878,718,160,0,160
17669,8870,11862,0,0,22518,,,,,,1,1,4.747853023,11365,5430,5137,293,2,291
17669,9898,9902,2,0,38039,,,,,,1,1,7.762903168,19157,9289,8985,304,2,302
17669,10204,10221,0,0,35367,,,,,,1,1,7.337342822,18365,8342,8024,318,4,314
17669,9694,10179,0,0,37773,,,,,,1,1,8.086474785,19294,9094,8803,291,2,289
17669,9693,11039,0,2,9755,,,,,,1,1,1.971045212,4826,2352,2127,225,0,225
17669,10496,9551,2,0,35837,,,,,,1,1,7.70839425,18629,8455,8157,298,8,290
17669,10098,9364,0,2,36661,,,,,,1,1,7.788412514,19009,8671,8361,310,5,305
17669,10780,8820,2,0,36315,,,,,,1,1,7.523017833,18997,8516,8230,286,1,285
17669,10592,9509,2,0,36449,,,,,,1,1,7.440654481,18731,8700,8382,318,4,314
17669,10285,10699,0,2,3437,,,,,,1,1,0.708627621,1550,857,684,173,0,173
17669,10332,10332,4,4,37533,,,,,,1,1,7.662642711,19235,9000,8702,298,1,297
17669,10808,9864,0,3,36986,,,,,,1,1,7.53691002,19338,8662,8338,324,2,322
17669,10444,10332,0,0,1252,,,,,,1,1,0.263228122,483,331,224,107,0,107
17669,9632,11226,0,2,1185,,,,,,1,1,0.246667833,458,309,200,109,0,109
17669,10448,10293,0,0,1315,,,,,,1,1,0.273713355,504,346,227,119,0,119
17669,9877,10511,0,0,36374,,,,,,1,1,7.448565891,18866,8614,8334,280,1,279
17669,11062,9669,0,2,8745,,,,,,1,1,1.779581708,4157,2172,1928,244,4,240
17669,10015,10720,0,0,3279,,,,,,1,1,0.667013624,1515,800,636,164,3,161
17669,9823,10518,0,0,33599,,,,,,1,1,6.869446871,17883,7720,7444,276,1,275
17669,10657,10289,0,0,6317,,,,,,1,1,1.296726676,3005,1558,1362,196,0,196
17669,10406,10332,2,0,4444,,,,,,1,1,0.901402082,2085,1093,920,173,1,172
17669,11487,9245,0,2,16350,,,,,,1,1,3.387813019,8462,3823,3581,242,2,240
17669,9483,11308,0,0,18437,,,,,,1,1,3.778861169,9069,4550,4282,268,1,267
17669,9925,10811,0,2,8589,,,,,,1,1,1.743812956,4267,2050,1828,222,0,222
17669,11289,9445,0,0,2680,,,,,,1,1,0.538587978,1174,681,537,144,0,144
17669,9237,11497,0,0,4271,,,,,,1,1,0.909679617,1958,1069,894,175,0,175
17669,7844,10127,0,2,37744,,,,,,1,1,7.683780841,19272,9095,8813,282,1,281
17669,9602,11129,0,0,11766,,,,,,1,1,2.364508224,5560,2966,2692,274,0,274
17669,10602,10160,0,0,3366,,,,,,1,1,0.694119837,1504,844,670,174,1,173
17669,10613,10037,0,0,35599,,,,,,1,1,7.498008251,18417,8440,8138,302,1,301
17669,10986,9756,0,2,5893,,,,,,1,1,1.204355207,2667,1500,1274,226,5,221
17669,9822,10999,0,0,3213,,,,,,1,1,0.65959616,1468,791,628,163,0,163
17669,10535,9986,0,2,37209,,,,,,1,1,7.544117834,19201,8859,8569,290,2,288
17669,8287,11605,0,2,36712,,,,,,1,1,7.510712482,18772,8828,8544,284,6,278
17669,10653,9786,2,0,37764,,,,,,1,1,7.554068311,18982,9240,8938,302,7,295
17669,9471,10492,2,2,36791,,,,,,1,1,7.800593901,18751,8869,8567,302,1,301
17669,10575,9688,0,0,35492,,,,,,1,1,7.252483693,18440,8390,8118,272,2,270
17669,10899,8981,0,2,37158,,,,,,1,1,7.650203178,18766,9050,8758,292,0,292
17669,10957,9789,0,0,3907,,,,,,1,1,0.805218764,1825,950,768,182,1,181
17669,10389,10344,0,0,5981,,,,,,1,1,1.22112554,2820,1485,1294,191,0,191
17669,10380,10380,0,0,9309,,,,,,1,1,1.881305268,4491,2288,2046,242,0,242
17669,9348,11444,0,0,1624,,,,,,1,1,0.337890049,715,388,255,133,0,133
17669,11040,9737,0,0,6404,,,,,,1,1,1.32862753,3003,1599,1396,203,0,203
17669,10099,10695,0,4,13807,,,,,,1,1,2.860523464,6776,3401,3172,229,6,223
17669,10086,10764,0,0,2223,,,,,,1,1,0.456455829,975,553,411,142,0,142
17669,10466,10265,0,2,4433,,,,,,1,1,0.91623427,2052,1107,940,167,1,166
17669,10539,10252,2,0,21265,,,,,,1,1,4.2958422259999995,10658,5155,4858,297,1,296
17669,11181,9552,0,0,5608,,,,,,1,1,1.223386578,2647,1379,1176,203,0,203
17669,11087,10011,0,0,10833,,,,,,1,1,2.2149327420000002,5334,2641,2424,217,0,217
17669,9173,8282,0,0,36673,,,,,,1,1,7.419016664,19004,8706,8449,257,0,257
17669,10059,10716,0,0,2539,,,,,,1,1,0.519466217,1109,636,478,158,0,158
17669,9566,11539,0,0,2925,,,,,,1,1,0.592348229,1283,740,578,162,0,162
17669,10109,10670,0,4,19155,,,,,,1,1,3.881204207,9752,4560,4277,283,2,281
17669,10530,9592,0,6,34537,,,,,,1,1,7.070081237,18313,7969,7683,286,3,283
17669,9836,11188,0,2,19465,,,,,,1,1,3.988783539,9859,4653,4353,300,2,298
17669,9688,11295,0,4,27405,,,,,,1,1,5.647958474,14001,6549,6243,306,6,300
17669,10863,9936,4,2,6220,,,,,,1,1,1.260894913,2895,1572,1391,181,1,180
17669,10488,10261,0,0,2026,,,,,,1,1,0.41786294,850,517,375,142,0,142
17669,10018,10734,0,0,2841,,,,,,1,1,0.61286601,1277,712,572,140,0,140
17669,10039,10231,4,0,36552,,,,,,1,1,7.509465432,18898,8690,8416,274,0,274
17669,9578,11198,2,3,15012,,,,,,1,1,3.086390936,7592,3586,3338,248,6,242
17669,8617,10954,0,0,36500,,,,,,1,1,7.435172421,18852,8681,8395,286,0,286
17669,11099,8953,2,0,36290,,,,,,1,1,7.451701441,18864,8570,8284,286,1,285
17669,9737,9330,0,0,37808,,,,,,1,1,7.8242081070000005,19277,9129,8856,273,1,272
17669,10173,9825,1,0,36984,,,,,,1,1,7.715759324,18813,8939,8646,293,4,289
17669,9543,9257,0,0,36566,,,,,,1,1,7.680240596,18765,8762,8485,277,2,275
17669,9780,10578,1,0,36577,,,,,,1,1,7.511651522,18873,8705,8411,294,2,292
17669,10976,9756,0,0,9423,,,,,,1,1,1.900184289,4698,2243,2004,239,0,239
17669,9562,11244,1,0,18431,,,,,,1,1,3.755849263,9341,4419,4167,252,2,250
17669,10913,9854,0,0,1449,,,,,,1,1,0.298681532,601,359,229,130,0,130
17669,9562,10626,0,3,35809,,,,,,1,1,7.402608613,18504,8510,8225,285,2,283
17669,10361,8125,0,0,37672,,,,,,1,1,7.703771145,19179,9087,8768,319,2,317
17669,9466,9714,0,0,37709,,,,,,1,1,7.609556273,19164,9134,8857,277,0,277
17669,10703,9337,0,2,37132,,,,,,1,1,7.634057933,18912,8956,8648,308,8,300
17669,11701,9190,2,0,3120,,,,,,1,1,0.651918895,1328,818,662,156,1,155
17669,10660,10154,2,2,4065,,,,,,1,1,0.823982533,1957,966,790,176,3,173
17669,9973,9138,4,0,35553,,,,,,1,1,7.254292316,18348,8471,8208,263,2,261
17669,9781,10426,0,0,36393,,,,,,1,1,7.573384256,18594,8733,8400,333,0,333
17669,10476,10270,3,0,9975,,,,,,1,1,2.023345408,5049,2351,2127,224,2,222
17669,9987,10754,4,0,8305,,,,,,1,1,1.7331395550000002,4112,1992,1783,209,0,209
17669,9184,11791,0,0,4529,,,,,,1,1,0.96581338,2156,1093,906,187,0,187
17669,10618,9900,2,4,36512,,,,,,1,1,7.6668815420000005,18593,8808,8505,303,12,291
17669,11172,9025,0,0,35499,,,,,,1,1,7.358457006,18591,8313,8031,282,4,278
17669,9918,9533,0,0,34345,,,,,,1,1,7.178102723,18172,7948,7671,277,2,275
17669,9813,9728,2,0,34177,,,,,,1,1,7.078101868,18054,7937,7688,249,3,246
17669,10050,8167,2,0,36759,,,,,,1,1,7.639192892,18943,8783,8533,250,9,241
17669,9238,11507,0,0,1683,,,,,,1,1,0.360774738,688,436,313,123,1,122
17669,10918,9814,0,4,2820,,,,,,1,1,0.593712478,1220,715,545,170,6,164
17669,8962,10956,0,0,38149,,,,,,1,1,7.938628963,18913,9457,9135,322,1,321
17669,10594,10173,0,0,3570,,,,,,1,1,0.838468017,1648,882,724,158,0,158
17669,9211,10362,2,0,37975,,,,,,1,1,7.768264037,19165,9236,8898,338,2,336
17669,9393,7828,0,0,38337,,,,,,1,1,8.063713746,19363,9352,9082,270,3,267
17669,10193,10538,0,0,3971,,,,,,1,1,0.833104879,1843,975,797,178,0,178
17669,10791,9945,0,2,10365,,,,,,1,1,2.17592707,4995,2567,2331,236,3,233
17669,11099,9969,4,2,12547,,,,,,1,1,2.613051726,6395,2961,2731,230,5,225
17669,10013,11073,0,0,2816,,,,,,1,1,0.568241816,1232,714,558,156,0,156
17669,10446,9804,2,0,37268,,,,,,1,1,7.686539313,19089,8937,8632,305,8,297
17669,11025,10003,2,0,7751,,,,,,1,1,1.6825467349999998,3793,1860,1622,238,0,238
17669,10241,10499,0,0,2168,,,,,,1,1,0.445379519,960,541,415,126,0,126
17669,10380,10418,0,0,5821,,,,,,1,1,1.213547326,2763,1427,1223,204,1,203
17669,9480,11593,0,2,18196,,,,,,1,1,3.934524349,9177,4375,4106,269,1,268
17669,10182,9946,2,2,35785,,,,,,1,1,7.461651637,18416,8548,8275,273,6,267
17669,10320,10775,0,0,4872,,,,,,1,1,0.999916281,2333,1184,1013,171,1,170
17669,10719,10121,0,0,5426,,,,,,1,1,1.096571195,2619,1311,1126,185,0,185
17669,10668,10070,2,0,8757,,,,,,1,1,1.789390107,4386,2077,1860,217,0,217
17669,11429,8548,3,0,36548,,,,,,1,1,7.564293236,18750,8760,8482,278,2,276
17669,10789,10027,0,0,2225,,,,,,1,1,0.470987264,968,560,423,137,0,137
17669,9433,10467,0,0,35671,,,,,,1,1,7.426881877,18308,8531,8230,301,2,299
17669,8578,9491,0,2,38020,,,,,,1,1,8.080102287,19088,9331,9061,270,4,266
17669,10803,9928,0,4,33361,,,,,,1,1,6.723976058,17498,7800,7537,263,2,261
17669,10507,8899,0,2,37436,,,,,,1,1,7.718528529,19237,8953,8660,293,4,289
17669,10829,9906,0,0,11513,,,,,,1,1,2.4667756450000002,5572,2844,2591,253,1,252
17669,10715,10042,0,0,4630,,,,,,1,1,0.970709412,2082,1180,992,188,0,188
17669,10654,10077,2,0,14819,,,,,,1,1,3.007270349,7481,3544,3294,250,1,249
17669,10902,10145,6,0,27437,,,,,,1,1,5.78584762,13936,6601,6302,299,1,298
17669,9657,11077,2,2,8981,,,,,,1,1,1.842801664,4335,2213,1993,220,6,214
17669,10746,10225,0,0,2380,,,,,,1,1,0.486063295,1037,600,457,143,0,143
17669,11071,8738,0,0,36948,,,,,,1,1,7.527692445,18760,8939,8629,310,3,307
17669,10378,9698,0,0,36913,,,,,,1,1,7.607674438,19079,8756,8434,322,0,322
17669,10342,10396,0,0,2384,,,,,,1,1,0.489930744,1021,601,440,161,0,161
17669,11125,8668,2,2,36249,,,,,,1,1,7.51611282,18830,8562,8267,295,2,293
17669,10450,10377,2,0,6560,,,,,,1,1,1.324613813,3071,1631,1404,227,0,227
17669,10637,10346,0,0,4001,,,,,,1,1,0.881781265,1907,966,804,162,0,162
17669,10196,10535,0,0,31547,,,,,,1,1,6.355467455,16138,7551,7244,307,1,306
17669,10583,10148,0,0,16280,,,,,,1,1,3.423267837,8196,3897,3607,290,0,290
17669,9329,11409,0,2,2764,,,,,,1,1,0.563642517,1260,672,512,160,1,159
17669,9990,10747,0,0,2359,,,,,,1,1,0.48017467,1055,576,424,152,0,152
17669,9594,11140,0,0,3624,,,,,,1,1,0.731456873,1696,879,709,170,0,170
17669,9379,9695,2,2,36734,,,,,,1,1,7.559657273,18992,8728,8442,286,8,278
17669,10884,10135,4,0,27307,,,,,,1,1,5.681110647,14129,6452,6178,274,5,269
17669,10744,9793,0,0,36307,,,,,,1,1,7.334863768,18706,8649,8346,303,0,303
17669,10214,9978,0,0,37212,,,,,,1,1,7.564490576,19245,8835,8538,297,2,295
17669,10199,9012,2,0,37836,,,,,,1,1,7.776195277,19472,9021,8699,322,1,321
17669,9903,11020,0,2,31696,,,,,,1,1,6.547078765,15937,7725,7416,309,0,309
17669,9989,10379,0,0,35991,,,,,,1,1,7.461309492,18647,8511,8189,322,2,320
17669,8873,9408,1,2,37452,,,,,,1,1,7.847961668,19248,8955,8661,294,1,293
17669,9661,11251,2,2,16633,,,,,,1,1,3.407126156,8505,3928,3656,272,2,270
17669,10544,8425,0,0,35907,,,,,,1,1,7.461420003,18326,8649,8366,283,8,275
17669,10744,9572,2,0,38747,,,,,,1,1,7.882808519,19145,9629,9285,344,3,341
17669,10416,10307,3,0,36298,,,,,,1,1,7.553788743,18302,8833,8503,330,4,326
17669,10561,10036,0,0,35810,,,,,,1,1,7.345287073,18305,8604,8307,297,2,295
17669,9739,10838,0,0,37065,,,,,,1,1,7.542949566,18669,9038,8718,320,3,317
17669,10152,10133,0,2,36083,,,,,,1,1,7.550244019,18669,8556,8254,302,3,299
17669,10352,10379,0,0,22059,,,,,,1,1,4.474199249,11276,5243,4946,297,0,297
17669,8555,9775,0,0,36642,,,,,,1,1,7.542965817,18859,8754,8479,275,1,274
17669,10891,9851,0,0,2623,,,,,,1,1,0.536134849,1189,644,498,146,1,145
17669,10833,9900,2,0,6243,,,,,,1,1,1.362773488,3094,1481,1294,187,5,182
17669,9682,11049,0,0,3908,,,,,,1,1,0.802977008,1785,973,796,177,0,177
17669,10878,9870,0,0,3831,,,,,,1,1,0.786362098,1781,936,758,178,1,177
17669,10177,10554,4,0,6702,,,,,,1,1,1.431739471,3177,1653,1434,219,4,215
17669,10485,10214,1,2,38035,,,,,,1,1,7.783569474,19155,9263,8909,354,0,354
17669,10326,8851,2,0,37707,,,,,,1,1,7.728581289,19333,9024,8698,326,3,323
17669,9071,10515,2,0,35519,,,,,,1,1,7.262575727,18357,8436,8146,290,6,284
17669,11027,9713,0,0,3544,,,,,,1,1,0.71622529,1591,893,726,167,0,167
17669,10990,9764,0,0,2584,,,,,,1,1,0.525477155,1133,652,505,147,0,147
17669,10407,9901,0,0,36556,,,,,,1,1,7.672363927,18883,8690,8397,293,1,292
17669,10284,10468,0,0,2580,,,,,,1,1,0.524511133,1135,648,499,149,0,149
17669,10020,10714,0,1,7866,,,,,,1,1,1.622554848,3814,1917,1699,218,0,218
17669,10358,8884,0,2,37122,,,,,,1,1,7.48771174,18908,8960,8666,294,2,292
17669,10692,10042,0,0,7627,,,,,,1,1,1.53897841,3550,1926,1701,225,1,224
17669,10699,10047,0,0,3020,,,,,,1,1,0.615714087,1358,756,606,150,0,150
17669,9831,11053,0,0,1477,,,,,,1,1,0.302805154,564,389,254,135,2,133
17669,10234,10314,0,0,35747,,,,,,1,1,7.357176298,18505,8461,8141,320,7,313
17669,10705,10037,0,0,3718,,,,,,1,1,0.770274536,1746,904,740,164,0,164
17669,11195,9372,0,2,34532,,,,,,1,1,7.16147759,18091,8071,7772,299,11,288
17669,10497,10510,2,0,3152,,,,,,1,1,0.661430786,1398,789,613,176,0,176
17669,9670,11086,0,2,2360,,,,,,1,1,0.480791878,1021,595,446,149,3,146
17669,10838,9737,0,2,35695,,,,,,1,1,7.306687128,18519,8436,8132,304,4,300
17669,10757,10053,0,0,3195,,,,,,1,1,0.65458747,1456,787,622,165,2,163
17669,10213,10582,2,0,22456,,,,,,1,1,4.62021594,11585,5298,5023,275,3,272
17669,10522,9286,0,0,37259,,,,,,1,1,7.580953644,19186,8889,8594,295,1,294
17669,9772,9768,2,0,35961,,,,,,1,1,7.293295301,18871,8407,8131,276,2,274
17669,10357,10374,2,0,14732,,,,,,1,1,2.996599379,7639,3437,3218,219,0,219
17669,8085,10256,0,0,36608,,,,,,1,1,7.459579197,18876,8728,8452,276,0,276
17669,10490,9100,0,0,36170,,,,,,1,1,7.371187568,18444,8708,8398,310,3,307
17669,10303,10560,0,0,10984,,,,,,1,1,2.219161215,5526,2617,2393,224,1,223
17669,10182,10842,0,0,4206,,,,,,1,1,0.854397911,1992,1026,864,162,0,162
17669,10142,10590,0,1,10110,,,,,,1,1,2.03636834,4923,2469,2220,249,2,247
17669,11037,9563,0,0,37411,,,,,,1,1,7.807219411,19085,8997,8665,332,0,332
17669,10320,10413,0,0,10038,,,,,,1,1,2.047098805,4851,2481,2256,225,0,225
17669,11604,8925,3,0,36494,,,,,,1,1,7.450649606,18396,8908,8626,282,0,282
17669,10091,10843,0,5,16841,,,,,,1,1,3.448894228,8580,3994,3721,273,5,268
17669,10750,9982,0,0,1979,,,,,,1,1,0.404269671,779,533,399,134,0,134
17669,9136,9123,2,1,38792,,,,,,1,1,7.948179077,19799,9352,9063,289,5,284
17669,9333,11033,0,2,37286,,,,,,1,1,7.538208795,18960,8992,8650,342,3,339
17669,10550,9399,4,0,37706,,,,,,1,1,7.600073519,19254,9079,8785,294,5,289
17669,8577,10229,2,2,37667,,,,,,1,1,7.574118471,19278,9063,8800,263,14,249
17669,10404,10327,0,0,9319,,,,,,1,1,1.880592117,4433,2322,2080,242,1,241
17669,9899,10838,0,2,4662,,,,,,1,1,0.945218651,2209,1134,949,185,0,185
17669,10249,10018,0,4,36639,,,,,,1,1,7.637299932,18668,8842,8555,287,2,285
17669,11337,8526,2,1,37501,,,,,,1,1,7.604300173,18931,9126,8808,318,2,316
17669,10666,10070,0,0,1812,,,,,,1,1,0.369737083,738,472,342,130,0,130
17669,10066,9591,4,0,36415,,,,,,1,1,7.370505874,18745,8701,8433,268,1,267
17669,9840,8900,0,2,36528,,,,,,1,1,7.431543376,18916,8675,8413,262,1,261
17669,9183,11118,2,0,37060,,,,,,1,1,7.713906783,19038,8845,8513,332,5,327
17669,11006,9810,0,0,2362,,,,,,1,1,0.478254487,1027,598,459,139,0,139
17669,11088,9644,0,2,8815,,,,,,1,1,1.7801809560000001,4248,2182,1979,203,0,203
17669,11341,9402,2,0,7634,,,,,,1,1,1.6712206859999998,3785,1814,1593,221,0,221
17669,11151,9859,0,0,1612,,,,,,1,1,0.339900134,674,409,289,120,0,120
17669,11241,9490,0,4,5326,,,,,,1,1,1.093109734,2531,1305,1120,185,3,182
17669,10267,10471,2,0,5660,,,,,,1,1,1.155472795,2657,1399,1194,205,0,205
17669,10418,10233,2,2,36369,,,,,,1,1,7.336055379,18452,8813,8522,291,1,290
17669,10598,9623,0,0,34841,,,,,,1,1,7.14031256,18411,8077,7801,276,2,274
17669,10868,9867,0,0,881,,,,,,1,1,0.187231132,319,231,131,100,1,99
17669,9894,10428,0,0,36937,,,,,,1,1,7.495845843,18496,9068,8763,305,3,302
17669,10092,9487,3,0,36236,,,,,,1,1,7.302079009,18721,8603,8294,309,1,308
17669,11319,9249,0,2,35621,,,,,,1,1,7.238292453,18509,8411,8121,290,3,287
17669,10588,9139,0,2,36029,,,,,,1,1,7.274448291,18328,8700,8399,301,13,288
17669,10257,10476,0,0,5391,,,,,,1,1,1.094739185,2591,1317,1151,166,0,166
17669,10196,10590,0,0,2032,,,,,,1,1,0.417533898,851,519,376,143,1,142
17669,10791,10266,0,3,20610,,,,,,1,1,4.2043303,10498,4914,4630,284,1,283
17669,11495,9126,3,2,35443,,,,,,1,1,7.383498234,18247,8456,8172,284,2,282
17669,9734,10847,2,2,36741,,,,,,1,1,7.578544053,18841,8799,8497,302,4,298
17669,9352,10099,2,0,36085,,,,,,1,1,7.383897438,18726,8555,8306,249,5,244
17669,10672,10072,3,0,16591,,,,,,1,1,3.378116356,8399,3973,3727,246,1,245
17669,9109,10993,2,4,35507,,,,,,1,1,7.431615484,18393,8423,8155,268,2,266
17669,8865,10287,0,0,37110,,,,,,1,1,7.6140297839999995,19136,8834,8528,306,2,304
17669,9716,11015,1,4,21505,,,,,,1,1,4.47984106,11171,5036,4774,262,2,260
17669,9887,10698,0,0,36402,,,,,,1,1,7.610241717,18519,8786,8475,311,5,306
17669,9688,11256,0,0,12681,,,,,,1,1,2.652261713,6217,3101,2839,262,2,260
17669,10447,10285,0,2,5085,,,,,,1,1,1.0480521839999999,2387,1249,1049,200,0,200
17669,10017,10096,0,4,38508,,,,,,1,1,7.876311887,19690,9251,8935,316,0,316
17669,9436,9822,0,4,37459,,,,,,1,1,7.692252456,19271,8955,8677,278,4,274
17669,8840,10701,0,0,37104,,,,,,1,1,7.480358583,19105,8851,8554,297,1,296
17669,10342,9789,3,0,36922,,,,,,1,1,7.469185752,18919,8846,8535,311,4,307
17669,10542,9894,0,0,35005,,,,,,1,1,7.164442091,18581,8074,7798,276,3,273
17669,9148,11160,0,0,36008,,,,,,1,1,7.387604189,18683,8513,8214,299,1,298
17669,9881,10865,0,0,3931,,,,,,1,1,0.799533417,1893,926,740,186,1,185
17669,10812,9583,2,0,36704,,,,,,1,1,7.630186142,18645,8873,8560,313,4,309
17669,9945,10793,0,0,2990,,,,,,1,1,0.609631852,1289,769,606,163,1,162
17669,10570,9536,2,2,37931,,,,,,1,1,7.718328089,19137,9237,8917,320,2,318
17669,9507,10574,0,2,38647,,,,,,1,1,7.777337657,19555,9395,9093,302,5,297
17669,10975,10037,0,2,21564,,,,,,1,1,4.466854038,10431,5402,5073,329,3,326
17669,10459,9882,0,3,36222,,,,,,1,1,7.418020335,18706,8602,8290,312,5,307
17669,9587,8730,0,0,37316,,,,,,1,1,7.710123575,19015,9006,8717,289,3,286
17669,10816,10290,0,0,2254,,,,,,1,1,0.479925739,984,558,404,154,0,154
17669,9276,11403,0,0,37342,,,,,,1,1,7.552739492,18990,9012,8684,328,2,326
17669,9842,10894,2,0,2451,,,,,,1,1,0.499401605,1074,616,471,145,0,145
17669,10064,10667,0,0,3538,,,,,,1,1,0.740137115,1515,923,746,177,2,175
17669,11031,8703,0,0,33987,,,,,,1,1,6.914264047,17905,7911,7651,260,1,259
17669,10133,10604,0,0,1035,,,,,,1,1,0.249399439,380,276,173,103,0,103
17669,10824,9912,2,0,6997,,,,,,1,1,1.43448712,3515,1641,1441,200,3,197
17669,9294,9708,0,3,36901,,,,,,1,1,7.617258752,19059,8778,8492,286,4,282
17669,7964,10771,0,0,37185,,,,,,1,1,7.629907733,19094,8898,8603,295,3,292
17669,10999,9018,3,0,36556,,,,,,1,1,7.581253667,19204,8516,8196,320,2,318
17669,10858,9903,0,0,1281,,,,,,1,1,0.272747685,510,332,225,107,0,107
17669,10234,9841,2,0,37497,,,,,,1,1,7.727810954,19212,8994,8697,297,5,292
17669,10586,9600,0,0,35581,,,,,,1,1,7.349938858,18694,8274,7935,339,3,336
17669,9670,11242,4,2,3502,,,,,,1,1,0.712344852,1624,854,684,170,3,167
17669,9250,10740,0,2,37150,,,,,,1,1,7.627128899,18946,8952,8652,300,1,299
17669,10122,10552,2,0,35259,,,,,,1,1,7.337927307,18052,8467,8194,273,0,273
17669,10153,10624,2,0,31266,,,,,,1,1,6.438387124,16009,7479,7180,299,2,297
17669,10572,10050,0,2,35580,,,,,,1,1,7.385640731,18505,8386,8083,303,3,300
17669,10689,10043,0,0,13195,,,,,,1,1,2.697149795,6672,3142,2903,239,0,239
17669,10459,9714,0,0,35298,,,,,,1,1,7.297996221,18142,8425,8119,306,1,305
17669,10073,10090,0,0,36995,,,,,,1,1,7.560173292,18864,8896,8557,339,0,339
17669,10463,9184,0,2,37052,,,,,,1,1,7.480775987,18887,8944,8667,277,0,277
17669,8881,10197,0,0,39547,,,,,,1,1,8.116137635,19972,9625,9300,325,0,325
17669,10525,10211,0,0,6011,,,,,,1,1,1.230626679,2786,1515,1320,195,0,195
17669,10549,9811,0,2,35273,,,,,,1,1,7.224400701,18490,8249,7964,285,4,281
17669,9104,9819,0,2,37371,,,,,,1,1,7.630213182,18993,9048,8766,282,1,281
17669,9045,11048,0,0,36322,,,,,,1,1,7.569125147,18816,8598,8288,310,4,306
17669,11254,8956,2,3,37775,,,,,,1,1,7.802570985,19379,9051,8757,294,6,288
17669,8175,11577,2,5,36013,,,,,,1,1,7.348894889,18546,8584,8285,299,5,294
17669,10373,10393,0,0,10529,,,,,,1,1,2.270615493,5013,2632,2380,252,1,251
17669,10085,10657,2,0,3079,,,,,,1,1,0.661457719,1353,785,629,156,1,155
17669,9769,10964,0,0,14116,,,,,,1,1,2.914163115,7175,3344,3091,253,2,251
17669,9851,10557,2,0,35267,,,,,,1,1,7.354945195,18354,8323,8056,267,0,267
17669,10150,10589,0,2,3083,,,,,,1,1,0.625273921,1392,760,589,171,2,169
17669,10550,10188,2,0,3906,,,,,,1,1,0.829260695,1914,914,750,164,0,164
17669,9658,10186,2,3,37690,,,,,,1,1,7.760044457,19029,9177,8870,307,1,306
17669,10598,9873,2,0,34761,,,,,,1,1,7.087974284,18071,8172,7826,346,2,344
17669,11324,9101,3,0,37008,,,,,,1,1,7.562164272,18994,8854,8548,306,0,306
17669,10335,10676,2,0,3508,,,,,,1,1,0.71122235,1583,884,727,157,0,157
17669,10791,10047,1,0,1862,,,,,,1,1,0.391454038,796,466,332,134,1,133
17669,10243,10806,4,0,17812,,,,,,1,1,3.633753181,8932,4313,4059,254,5,249
17669,10620,10250,0,0,1200,,,,,,1,1,0.249886746,493,302,199,103,0,103
17669,9739,10992,0,0,7750,,,,,,1,1,1.568148375,3727,1896,1665,231,2,229
17669,9790,10945,0,2,6742,,,,,,1,1,1.3622324670000001,3173,1683,1480,203,2,201
17669,11030,9701,0,2,13738,,,,,,1,1,2.832608932,7054,3225,2991,234,2,232
17669,9604,11246,0,4,3900,,,,,,1,1,0.8044114,1767,984,819,165,3,162
17669,9110,10144,0,0,38517,,,,,,1,1,7.966725848,19001,9614,9326,288,3,285
17669,9812,9487,0,2,36500,,,,,,1,1,7.597225028,18655,8787,8516,271,2,269
17669,11338,9395,0,0,3471,,,,,,1,1,0.703695784,1571,856,668,188,0,188
17669,10466,10412,0,0,25417,,,,,,1,1,5.235937607,12778,6157,5832,325,4,321
17669,10951,9302,1,0,35728,,,,,,1,1,7.5270046090000005,18221,8618,8347,271,2,269
17669,10162,8765,2,0,35319,,,,,,1,1,7.430340335,18276,8381,8100,281,1,280
17669,10762,10036,0,0,9979,,,,,,1,1,2.039646628,4959,2401,2183,218,0,218
17669,10439,10568,0,2,19970,,,,,,1,1,4.141550535,10054,4825,4559,266,6,260
17669,9953,10013,0,5,37790,,,,,,1,1,7.67146131,19358,9058,8742,316,7,309
17669,10308,10424,0,0,5432,,,,,,1,1,1.3229516989999999,2537,1347,1146,201,1,200
17669,9539,9964,2,2,35526,,,,,,1,1,7.262714052,18482,8373,8075,298,4,294
17669,10749,10025,0,2,8021,,,,,,1,1,1.644109048,3947,1934,1728,206,4,202
17669,10023,10850,0,2,1386,,,,,,1,1,0.294335569,511,376,253,123,0,123
17669,9443,11288,2,0,4708,,,,,,1,1,0.95752374,2161,1175,978,197,3,194
17669,9765,10766,2,1,37599,,,,,,1,1,7.770772179,19065,9108,8790,318,6,312
17669,8714,10986,0,0,35952,,,,,,1,1,7.64926251,18351,8661,8382,279,2,277
17669,11882,8849,5,0,25263,,,,,,1,1,5.234849546,13335,5826,5550,276,1,275
17669,10639,10094,0,0,1985,,,,,,1,1,0.407578624,831,505,361,144,1,143
17669,10269,10667,2,1,15479,,,,,,1,1,3.227689879,7700,3746,3459,287,7,280
17669,9295,11785,0,0,3907,,,,,,1,1,0.793251489,1816,967,810,157,0,157
17669,9944,8774,0,0,36606,,,,,,1,1,7.634478423,18875,8730,8459,271,5,266
17669,9329,10272,2,0,36865,,,,,,1,1,7.556452716,19175,8708,8434,274,1,273
17669,10937,9611,2,0,34260,,,,,,1,1,7.198047946,18169,7898,7603,295,0,295
17669,10573,10169,0,0,6047,,,,,,1,1,1.309175626,2878,1477,1262,215,0,215
17669,9479,9623,0,0,38814,,,,,,1,1,7.906464311,19023,9749,9456,293,3,290
17669,9906,9229,0,4,36066,,,,,,1,1,7.420504015,18769,8505,8218,287,4,283
17669,9878,9736,7,2,35088,,,,,,1,1,7.16520193,18322,8247,7975,272,4,268
17669,10869,9571,0,0,35324,,,,,,1,1,7.356773078,18370,8320,8006,314,2,312
17669,9693,11347,0,0,2165,,,,,,1,1,0.487608318,931,550,416,134,0,134
17669,9619,9271,2,2,35307,,,,,,1,1,7.308073271,18472,8278,7999,279,11,268
17669,10229,9893,2,0,35400,,,,,,1,1,7.195885441,18445,8323,8014,309,2,307
17669,7595,9782,0,1,39143,,,,,,1,1,7.954078316,19842,9505,9214,291,2,289
17669,9415,11318,0,0,10187,,,,,,1,1,2.070700873,5014,2467,2228,239,0,239
17669,10777,9572,0,0,35307,,,,,,1,1,7.475072388,18427,8306,8038,268,4,264
17669,10220,10511,0,0,23756,,,,,,1,1,4.868414897,12060,5701,5407,294,0,294
17669,9491,11252,2,0,4370,,,,,,1,1,0.918480267,2048,1069,885,184,0,184
17669,10434,10384,1,0,8805,,,,,,1,1,1.7980601699999998,4439,2085,1889,196,0,196
17669,10560,10428,2,0,5001,,,,,,1,1,1.050215025,2247,1281,1089,192,1,191
17669,10679,10194,0,0,5784,,,,,,1,1,1.205413092,2889,1355,1170,185,0,185
17669,10923,10042,5,0,8462,,,,,,1,1,1.719079549,4081,2090,1889,201,1,200
17669,9510,10899,0,0,37099,,,,,,1,1,7.642529361,18874,8969,8682,287,2,285
17669,10491,10283,0,0,3145,,,,,,1,1,0.723167602,1444,774,621,153,0,153
17669,10788,9178,0,3,36194,,,,,,1,1,7.6211176609999995,18571,8650,8327,323,9,314
17669,10713,9239,0,0,35896,,,,,,1,1,7.512694378,18710,8446,8152,294,4,290
17669,10289,9441,0,0,35527,,,,,,1,1,7.350810626,18788,8217,7912,305,5,300
17669,10622,9636,2,2,37402,,,,,,1,1,7.710574495,19214,8941,8635,306,5,301
17669,9334,9937,2,2,37073,,,,,,1,1,7.891940642,19002,8902,8635,267,1,266
17669,10093,10698,2,0,2609,,,,,,1,1,0.531395883,1092,680,523,157,1,156
17669,10208,10527,2,2,5609,,,,,,1,1,1.151490309,2629,1394,1202,192,1,191
17669,10681,10131,2,0,12769,,,,,,1,1,2.784489207,6436,3048,2811,237,3,234
17669,10280,9746,0,2,36571,,,,,,1,1,7.951942293,18712,8781,8484,297,2,295
17669,10455,10435,2,2,2424,,,,,,1,1,0.586886925,1135,574,433,141,1,140
17669,10588,9348,4,2,38614,,,,,,1,1,8.154255627,19603,9352,9045,307,5,302
17669,9850,10890,0,0,2084,,,,,,1,1,0.425278538,847,540,383,157,0,157
17669,10876,9332,0,0,35027,,,,,,1,1,7.2954871279999995,18286,8227,7940,287,1,286
17669,8994,11409,0,2,35167,,,,,,1,1,7.519894211,18621,8113,7793,320,1,319
17669,9320,9425,2,0,34729,,,,,,1,1,7.276299145,18375,8048,7790,258,3,255
17669,9322,8946,2,0,38090,,,,,,1,1,8.023856856,19078,9367,9089,278,5,273
17669,11307,9436,0,0,3837,,,,,,1,1,0.785581864,1763,958,800,158,0,158
17669,11196,9536,2,0,6853,,,,,,1,1,1.466854245,3255,1698,1496,202,0,202
17669,10239,7962,0,0,36585,,,,,,1,1,7.532928887,19165,8573,8299,274,4,270
17669,9145,9960,0,2,36169,,,,,,1,1,7.704733854,18713,8592,8320,272,5,267
17669,10455,10277,1,0,11946,,,,,,1,1,2.538015687,5999,2857,2624,233,1,232
17669,10102,10412,0,0,36782,,,,,,1,1,7.756122746,19076,8694,8376,318,1,317
17669,11408,9633,0,0,18392,,,,,,1,1,3.936643637,9431,4351,4092,259,1,258
17669,10776,10117,2,2,8292,,,,,,1,1,1.7435798710000001,4159,1956,1735,221,4,217
17669,9660,10907,0,0,35790,,,,,,1,1,7.517645065,18450,8508,8184,324,0,324
17669,10328,9710,0,0,37698,,,,,,1,1,8.234830592,19095,9144,8829,315,5,310
17669,10013,10479,0,2,35617,,,,,,1,1,7.67269264,18400,8465,8178,287,4,283
17669,11902,8878,0,2,14650,,,,,,1,1,3.038544589,7398,3503,3257,246,0,246
17669,9690,10568,4,0,35709,,,,,,1,1,7.590975014,18492,8463,8172,291,1,290
17669,9928,10806,2,2,8503,,,,,,1,1,1.827773968,4090,2092,1863,229,7,222
17669,10361,10381,2,0,2725,,,,,,1,1,0.556972167,1250,664,517,147,1,146
17669,9394,11348,0,0,3292,,,,,,1,1,0.678887992,1515,810,653,157,0,157
17669,10312,10563,0,0,1705,,,,,,1,1,0.350095726,685,444,312,132,0,132
17669,10126,10611,0,0,6717,,,,,,1,1,1.380470681,3259,1635,1447,188,0,188
17669,10314,10450,2,0,7098,,,,,,1,1,1.434327553,3417,1738,1533,205,3,202
17669,10347,8033,0,0,38092,,,,,,1,1,8.484688788,19554,9139,8879,260,5,255
17669,12147,8586,0,0,7834,,,,,,1,1,1.590726115,3684,1975,1775,200,0,200
17669,10276,10682,0,2,2844,,,,,,1,1,0.579328971,1244,724,572,152,0,152
17669,7981,8355,0,0,39471,,,,,,1,1,8.233773929,19977,9616,9354,262,2,260
17669,11172,8575,3,0,36499,,,,,,1,1,7.687767982,18880,8669,8388,281,4,277
17669,10656,10375,0,0,2302,,,,,,1,1,0.477885714,1019,567,418,149,0,149
17669,10382,9607,2,0,35709,,,,,,1,1,7.529329277,18643,8382,8080,302,2,300
17669,9504,11227,0,0,12490,,,,,,1,1,2.52952191,6051,3091,2834,257,0,257
17669,10969,9957,2,2,10445,,,,,,1,1,2.144852037,5242,2490,2267,223,1,222
17669,9916,10832,0,0,5569,,,,,,1,1,1.231326012,2684,1346,1153,193,0,193
17669,8569,10498,0,1,38437,,,,,,1,1,7.919194346,19514,9309,9004,305,8,297
17669,11228,9217,3,0,35685,,,,,,1,1,7.315744991,18773,8300,7988,312,0,312
17669,10699,10136,4,0,4184,,,,,,1,1,0.855852414,1915,1046,869,177,6,171
17669,11128,9233,1,0,35389,,,,,,1,1,7.3480785619999995,18469,8316,8028,288,5,283
17669,10593,10270,0,0,4962,,,,,,1,1,1.01255687,2326,1232,1060,172,0,172
17669,10381,10350,0,0,13595,,,,,,1,1,2.744002388,6619,3351,3077,274,1,273
17669,9580,11518,0,2,3442,,,,,,1,1,0.705798073,1585,847,684,163,1,162
17669,9875,10873,0,0,1471,,,,,,1,1,0.304516329,586,380,255,125,0,125
17669,9414,11426,0,0,3227,,,,,,1,1,0.659279624,1448,817,672,145,0,145
17669,9779,11048,0,0,4296,,,,,,1,1,0.872802359,1934,1094,920,174,0,174
17669,8674,11416,0,2,37657,,,,,,1,1,7.749150213,19041,9152,8840,312,4,308
17669,9878,10271,0,0,36212,,,,,,1,1,7.5019579929999995,18759,8583,8296,287,2,285
17669,10279,10201,0,2,35785,,,,,,1,1,7.559169608,18631,8415,8091,324,12,312
17669,9889,10953,0,0,3776,,,,,,1,1,0.776665921,1669,960,773,187,0,187
17669,10024,8202,2,0,37882,,,,,,1,1,7.655009861,19359,9132,8873,259,5,254
17669,10600,9458,0,0,35679,,,,,,1,1,7.333573749,18719,8333,8039,294,2,292
17669,10313,10440,0,2,3436,,,,,,1,1,0.699852607,1542,863,695,168,0,168
17669,9874,10857,0,0,7086,,,,,,1,1,1.47110607,3214,1846,1666,180,0,180
17669,9953,9421,0,0,36185,,,,,,1,1,7.430494778,18809,8542,8250,292,2,290
17669,10881,9906,0,0,1359,,,,,,1,1,0.297125615,555,351,249,102,0,102
17669,11595,9136,0,0,8113,,,,,,1,1,1.631960858,3733,2080,1860,220,0,220
17669,10180,9897,0,2,37258,,,,,,1,1,7.572174594,18940,8987,8643,344,6,338
17669,11088,9643,2,0,10448,,,,,,1,1,2.149476826,5039,2585,2346,239,2,237
17669,11154,9631,0,2,33351,,,,,,1,1,6.8275127399999995,16933,8059,7759,300,2,298
17669,9817,9269,2,2,36140,,,,,,1,1,7.370305187,18736,8557,8267,290,5,285
17669,11469,8684,4,2,36684,,,,,,1,1,7.566247291,18829,8764,8437,327,10,317
17669,10382,10026,0,0,37169,,,,,,1,1,7.566653956,18866,8998,8691,307,2,305
17669,9572,9736,0,0,38783,,,,,,1,1,8.011038497,19413,9539,9247,292,4,288
17669,10307,10424,0,0,9553,,,,,,1,1,1.9410438060000001,4880,2223,1996,227,0,227
17669,9493,10626,0,0,35183,,,,,,1,1,7.253301386,18361,8258,7952,306,3,303
17669,10405,10331,0,0,9905,,,,,,1,1,1.991462484,4839,2412,2170,242,0,242
17669,10967,8778,0,0,36840,,,,,,1,1,7.576721725,18986,8776,8474,302,1,301
17669,9047,10326,0,0,35844,,,,,,1,1,7.286610369,18396,8577,8283,294,0,294
17669,10043,10692,0,0,3451,,,,,,1,1,0.700967283,1514,883,712,171,0,171
17669,9553,11335,0,2,1506,,,,,,1,1,0.310424723,610,394,286,108,1,107
17669,9339,10759,0,0,35185,,,,,,1,1,7.367475294,18386,8251,7954,297,2,295
17669,9389,11353,0,2,10228,,,,,,1,1,2.103477834,5046,2482,2264,218,0,218
17669,10825,8353,2,0,37980,,,,,,1,1,7.831340302,18966,9355,9051,304,6,298
17669,9868,10863,2,0,25834,,,,,,1,1,5.352377822,12933,6305,6014,291,4,287
17669,9998,9898,0,0,36006,,,,,,1,1,7.354728713,18724,8492,8194,298,4,294
17669,10533,10043,3,2,36706,,,,,,1,1,7.497704726,18686,8864,8572,292,3,289
17669,9947,9229,0,0,38391,,,,,,1,1,7.736710064,19207,9461,9199,262,2,260
17669,10380,10352,0,0,2128,,,,,,1,1,0.432765513,884,544,388,156,0,156
17669,10942,8966,2,0,37972,,,,,,1,1,7.955707769,19119,9267,8948,319,2,317
17669,8734,11909,0,2,35656,,,,,,1,1,7.267273996,18441,8461,8168,293,1,292
17669,10872,10141,2,0,2039,,,,,,1,1,0.416219094,882,506,361,145,4,141
17669,9981,10799,0,4,7212,,,,,,1,1,1.469236228,3406,1794,1576,218,8,210
17669,8555,10889,0,0,37404,,,,,,1,1,7.579668475,19068,9005,8679,326,10,316
17669,10243,10802,0,2,4279,,,,,,1,1,0.861490427,1985,1060,886,174,1,173
17669,10666,10283,0,0,6092,,,,,,1,1,1.225931545,2894,1495,1287,208,0,208
17669,9818,10913,0,0,19411,,,,,,1,1,3.934574468,9778,4683,4416,267,2,265
17669,8980,9920,4,1,36351,,,,,,1,1,7.568360392,18544,8776,8521,255,3,252
17669,10566,9857,2,0,35383,,,,,,1,1,7.230346949,18327,8386,8102,284,2,282
17669,10821,9910,0,0,2528,,,,,,1,1,0.512647096,1120,626,470,156,0,156
17669,9824,10908,0,0,8124,,,,,,1,1,1.6658177790000002,3960,1977,1767,210,0,210
17669,10471,10261,0,0,2066,,,,,,1,1,0.423253043,912,510,376,134,0,134
17669,9557,10624,3,1,36467,,,,,,1,1,7.377288412,18641,8753,8433,320,13,307
17669,10745,9999,0,0,3501,,,,,,1,1,0.70939522,1565,875,689,186,0,186
17669,10486,10351,2,0,3112,,,,,,1,1,0.631424862,1393,777,612,165,2,163
17669,9560,9700,0,2,37030,,,,,,1,1,7.612019457,18984,8881,8597,284,9,275
17669,10580,10254,0,2,2492,,,,,,1,1,0.535315774,1012,659,497,162,2,160
17669,11447,9309,0,2,2839,,,,,,1,1,0.576425645,1275,703,545,158,5,153
17669,11093,9758,4,2,8510,,,,,,1,1,1.736322543,4131,2074,1843,231,5,226
17669,10399,10636,0,2,4392,,,,,,1,1,0.905795648,2068,1079,913,166,0,166
17669,9491,11249,0,0,8888,,,,,,1,1,1.798044525,4336,2171,1961,210,0,210
17669,9154,10978,0,0,37641,,,,,,1,1,7.732439395,18995,9163,8843,320,2,318
17669,10129,10604,0,2,9571,,,,,,1,1,1.946956262,4692,2325,2096,229,2,227
17669,8651,9773,0,0,37510,,,,,,1,1,7.605442935,19368,8930,8648,282,0,282
17669,8504,9854,0,0,36473,,,,,,1,1,7.549395876,18973,8613,8339,274,4,270
17669,10295,10568,0,0,4698,,,,,,1,1,0.952101595,2199,1155,966,189,0,189
17669,11377,9551,0,2,21779,,,,,,1,1,4.470997508,10895,5297,5007,290,1,289
17669,9377,11126,0,0,36464,,,,,,1,1,7.551129849,18628,8764,8456,308,2,306
17669,9714,9893,0,2,36581,,,,,,1,1,7.461573443,18738,8772,8473,299,0,299
17669,7620,11961,2,0,36426,,,,,,1,1,7.420859578,18881,8637,8366,271,3,268
17669,9312,9402,0,4,36436,,,,,,1,1,7.363535302,19273,8447,8178,269,1,268
17669,9628,9453,0,2,36857,,,,,,1,1,7.46844042,19026,8773,8488,285,2,283
17669,9717,9993,0,2,35533,,,,,,1,1,7.269630312,18432,8403,8108,295,2,293
17669,8884,11864,2,2,4879,,,,,,1,1,1.099790707,2162,1262,1069,193,3,190
17669,10102,10665,0,2,7885,,,,,,1,1,1.636139224,3886,1905,1716,189,2,187
17669,10999,10107,0,0,2730,,,,,,1,1,0.558407977,1214,682,530,152,0,152
17669,10938,9811,1,0,1518,,,,,,1,1,0.308156455,659,371,254,117,0,117
17669,9973,10772,2,2,4131,,,,,,1,1,0.817157746,1884,1034,855,179,2,177
17669,9762,10969,0,0,13140,,,,,,1,1,2.739621558,6549,3178,2943,235,0,235
17669,8639,9996,0,11,37663,,,,,,1,1,7.787699438,19258,9070,8805,265,4,261
17669,9659,11189,0,2,6485,,,,,,1,1,1.316611564,3233,1521,1311,210,0,210
17669,9157,10237,0,0,36711,,,,,,1,1,7.579104935,18941,8750,8480,270,3,267
17669,10827,9907,0,0,11695,,,,,,1,1,2.42097518,6046,2718,2505,213,1,212
17669,10124,10589,2,2,36855,,,,,,1,1,7.760494694,18642,8946,8625,321,3,318
17669,11415,9325,0,0,2357,,,,,,1,1,0.480813193,993,615,481,134,0,134
17669,9995,10545,2,2,36199,,,,,,1,1,7.5170977610000005,18707,8589,8275,314,7,307
17669,9712,7907,0,0,38689,,,,,,1,1,7.78845432,19756,9331,9060,271,0,271
17669,10169,10384,0,1,36198,,,,,,1,1,7.315382055,18746,8579,8285,294,0,294
17669,9089,11644,0,4,14899,,,,,,1,1,3.006734524,7592,3523,3262,261,8,253
17669,10089,10986,0,0,2772,,,,,,1,1,0.56579299,1231,700,559,141,0,141
17669,9708,11080,0,0,807,,,,,,1,1,0.171138819,281,215,119,96,0,96
17669,10149,10297,0,0,37610,,,,,,1,1,7.5982857599999996,19116,9094,8788,306,5,301
17669,10365,10221,0,2,36384,,,,,,1,1,7.374969741,18541,8772,8473,299,7,292
17669,9331,11410,2,0,4682,,,,,,1,1,1.020700855,2191,1146,947,199,1,198
17669,10902,9884,0,0,1562,,,,,,1,1,0.356344736,627,406,283,123,0,123
17669,9324,11229,4,0,33638,,,,,,1,1,6.8726875960000005,17729,7808,7515,293,6,287
17669,10486,8254,2,0,37204,,,,,,1,1,7.582082827,19030,8948,8670,278,12,266
17669,10809,10008,0,2,32067,,,,,,1,1,6.58337718,16319,7723,7421,302,2,300
17669,10709,10082,0,2,5836,,,,,,1,1,1.252171139,2798,1429,1249,180,0,180
17669,11478,8803,2,0,35159,,,,,,1,1,7.096543604,18181,8335,8027,308,0,308
17669,10916,9003,0,0,36704,,,,,,1,1,7.441087131,18837,8770,8443,327,2,325
17669,9753,11052,0,0,12805,,,,,,1,1,2.606398052,6384,3083,2828,255,1,254
17669,11004,10078,0,0,2017,,,,,,1,1,0.417858396,940,474,345,129,0,129
17669,11580,9152,2,0,14303,,,,,,1,1,3.072605011,7165,3436,3170,266,6,260
17669,10333,10046,2,0,34849,,,,,,1,1,7.321609898,18235,8148,7830,318,6,312
17669,10707,9147,0,0,35563,,,,,,1,1,7.36046014,18449,8415,8131,284,1,283
17669,8487,9844,0,3,38524,,,,,,1,1,7.908480995,19470,9376,9074,302,5,297
17669,9869,11102,0,0,1788,,,,,,1,1,0.380451312,802,432,310,122,0,122
17669,11050,9175,1,0,34990,,,,,,1,1,7.357478564,18342,8189,7919,270,3,267
17669,10374,10100,0,1,36960,,,,,,1,1,7.551142628,18969,8843,8538,305,2,303
17669,9542,11344,2,2,35810,,,,,,1,1,7.437266545,18652,8427,8123,304,1,303
17669,10708,9802,3,2,36154,,,,,,1,1,7.322159287,18230,8805,8491,314,1,313
17669,10529,10204,0,0,1806,,,,,,1,1,0.373052718,799,432,289,143,0,143
17669,9253,10352,1,3,37748,,,,,,1,1,7.623875021,19020,9229,8959,270,0,270
17669,10759,9975,0,0,1583,,,,,,1,1,0.343564743,668,396,273,123,0,123
17669,10223,8637,0,0,38117,,,,,,1,1,7.787121079,19448,9187,8892,295,1,294
17669,11215,8960,0,2,34585,,,,,,1,1,7.099275952,18209,8060,7804,256,1,255
17669,9106,11016,0,0,36870,,,,,,1,1,7.547687386,18977,8794,8489,305,1,304
17669,11945,8786,0,0,4821,,,,,,1,1,1.020688406,2262,1189,1008,181,0,181
17669,8646,9486,0,0,37961,,,,,,1,1,7.797087757,19463,9112,8838,274,2,272
17669,10683,9508,0,2,35974,,,,,,1,1,7.514593928,18817,8434,8145,289,0,289
17669,10840,9897,0,0,4472,,,,,,1,1,0.915765547,2098,1092,902,190,0,190
17669,10413,10261,2,0,36211,,,,,,1,1,7.474241795,18561,8666,8348,318,1,317
17669,10183,10548,2,0,35688,,,,,,1,1,7.316534727,18428,8475,8165,310,4,306
17669,9916,10097,0,2,35702,,,,,,1,1,7.262115007,18528,8431,8119,312,1,311
17669,10999,9732,1,2,23771,,,,,,1,1,4.863563641,12093,5684,5374,310,7,303
17669,10396,10339,0,0,4710,,,,,,1,1,0.988458398,2228,1152,974,178,0,178
17669,8779,9262,0,3,39013,,,,,,1,1,8.060630748,19590,9570,9287,283,1,282
17669,10972,10101,4,2,1986,,,,,,1,1,0.411777279,826,506,358,148,1,147
17669,9719,11014,0,0,16113,,,,,,1,1,3.240630102,7760,4045,3782,263,0,263
17669,10714,10035,0,2,3515,,,,,,1,1,0.713900819,1548,895,718,177,1,176
17669,10318,10493,0,4,8038,,,,,,1,1,1.6651489640000001,3862,1973,1743,230,7,223
17669,9630,11105,0,0,1875,,,,,,1,1,0.38341201,773,497,389,108,1,107
17669,10839,9902,0,2,3292,,,,,,1,1,0.677892412,1479,830,677,153,1,152
17669,9570,11076,2,0,34483,,,,,,1,1,7.10506867,18074,8056,7759,297,0,297
17669,10402,10012,0,4,36495,,,,,,1,1,7.528761769,19031,8573,8255,318,8,310
17669,10920,8913,0,0,36686,,,,,,1,1,7.439426768,18877,8765,8486,279,5,274
17669,9018,10203,4,0,38402,,,,,,1,1,7.884181716,19389,9364,9079,285,2,283
17669,9668,10712,4,0,38562,,,,,,1,1,7.930200429,19149,9546,9225,321,12,309
17669,10203,10595,0,0,5385,,,,,,1,1,1.112348389,2569,1320,1144,176,0,176
17669,10016,10626,5,2,35714,,,,,,1,1,7.52543218,18722,8357,8079,278,9,269
17669,11573,8990,0,1,37070,,,,,,1,1,7.456139821,18770,8990,8670,320,2,318
17669,8940,10684,2,2,37514,,,,,,1,1,7.808883682,19353,8936,8647,289,7,282
17669,8958,11777,0,0,2608,,,,,,1,1,0.572886691,1149,656,509,147,1,146
17669,10152,9606,2,1,37104,,,,,,1,1,7.695164612,18923,8930,8609,321,1,320
17669,9758,10627,0,2,35369,,,,,,1,1,7.226771615,18382,8345,8048,297,3,294
17669,8738,10186,0,1,38031,,,,,,1,1,8.068198529,19390,9175,8884,291,3,288
17669,9547,11189,0,0,3666,,,,,,1,1,0.77080773,1717,888,715,173,1,172
17669,8604,10786,0,0,35116,,,,,,1,1,7.119526187,18299,8265,7978,287,2,285
17669,11271,9473,2,0,2134,,,,,,1,1,0.438896373,945,530,401,129,1,128
17669,10933,9993,0,0,8577,,,,,,1,1,1.779805329,4172,2091,1868,223,1,222
17669,10963,9312,0,0,36720,,,,,,1,1,7.8915951920000005,18802,8808,8506,302,1,301
17669,10576,10191,0,0,11388,,,,,,1,1,2.439562881,5736,2711,2481,230,1,229
17669,10010,10326,0,0,37512,,,,,,1,1,7.569823995,18725,9231,8906,325,0,325
17669,10828,10044,2,0,36210,,,,,,1,1,7.544437163,18508,8694,8380,314,2,312
17669,10097,10727,0,0,2329,,,,,,1,1,0.475109923,1074,562,431,131,0,131
17669,9207,10964,0,2,35231,,,,,,1,1,7.426367897,18277,8333,8045,288,3,285
17669,9913,10929,0,0,7874,,,,,,1,1,1.64021586,3804,1930,1720,210,0,210
17669,10736,9657,2,2,35809,,,,,,1,1,7.288792173,18590,8457,8152,305,4,301
17669,10743,9053,2,0,37697,,,,,,1,1,7.636068864,18906,9238,8923,315,1,314
17669,10104,10828,2,4,8440,,,,,,1,1,1.738482925,4027,2095,1872,223,5,218
17669,10667,10071,0,0,2134,,,,,,1,1,0.44176871,949,524,387,137,0,137
17669,10273,10777,0,0,6846,,,,,,1,1,1.388923315,3298,1666,1450,216,1,215
17669,9701,10289,1,0,38419,,,,,,1,1,7.911640598,19255,9420,9096,324,9,315
17669,9476,11230,0,2,34884,,,,,,1,1,7.157761003,18242,8171,7871,300,7,293
17669,10186,10545,0,0,25936,,,,,,1,1,5.527498081,13716,5979,5717,262,3,259
17669,9704,11039,0,3,10666,,,,,,1,1,2.1955106,5237,2592,2347,245,2,243
17669,10439,9704,0,0,35162,,,,,,1,1,7.302628831,18292,8291,8003,288,2,286
17669,10687,9102,0,0,36313,,,,,,1,1,7.434171679,18543,8751,8483,268,3,265
17669,9866,10448,2,2,38631,,,,,,1,1,8.045334054,19276,9521,9208,313,4,309
17669,9899,11164,2,0,11834,,,,,,1,1,2.433445445,5718,2924,2656,268,7,261
17669,10294,10424,2,0,34532,,,,,,1,1,7.223455088,17936,8156,7872,284,0,284
17669,10335,10652,0,2,9418,,,,,,1,1,1.961342682,4404,2389,2153,236,5,231
17669,9933,10798,4,2,22326,,,,,,1,1,4.542665131,11418,5314,5034,280,13,267
17669,9501,10378,1,0,39721,,,,,,1,1,8.06539708,19741,9825,9495,330,1,329
17669,8455,9958,2,2,36855,,,,,,1,1,7.984740858,19034,8775,8504,271,4,267
17669,9736,11373,0,0,6808,,,,,,1,1,1.4030692949999999,3259,1672,1467,205,7,198
17669,10720,10196,0,2,19671,,,,,,1,1,3.998781916,9687,4848,4560,288,4,284
17669,11172,9561,0,2,6919,,,,,,1,1,1.401977981,3251,1727,1513,214,2,212
17669,10549,9468,2,4,36541,,,,,,1,1,7.820036133,18991,8626,8328,298,3,295
17669,9328,10015,0,1,36323,,,,,,1,1,7.482079808,18797,8609,8301,308,3,305
17669,9768,10619,0,0,37828,,,,,,1,1,7.700041091,19168,9154,8802,352,3,349
17669,10655,9181,2,2,36115,,,,,,1,1,7.896767126,18668,8593,8332,261,1,260
17669,10248,10486,0,0,6804,,,,,,1,1,1.41049844,3260,1670,1466,204,0,204
17669,10737,10070,0,0,2084,,,,,,1,1,0.433401814,881,532,393,139,0,139
17669,10214,10517,0,0,2670,,,,,,1,1,0.542872242,1213,655,508,147,0,147
17669,10521,9685,0,0,36460,,,,,,1,1,7.456205192,18476,8833,8515,318,4,314
17669,10382,10413,0,0,5029,,,,,,1,1,1.105717586,2376,1240,1067,173,0,173
17669,10978,9758,0,0,2664,,,,,,1,1,0.58855965,1201,654,499,155,0,155
17669,11029,9707,2,0,5526,,,,,,1,1,1.170874812,2587,1370,1171,199,0,199
17669,9370,11363,0,4,3962,,,,,,1,1,0.847838427,1868,963,795,168,6,162
17669,11286,8778,4,0,38161,,,,,,1,1,8.013629999,19263,9284,8954,330,6,324
17669,8825,9915,2,4,38196,,,,,,1,1,8.193973096,19396,9250,8950,300,8,292
17669,9553,11011,2,0,35351,,,,,,1,1,7.487596212,18260,8401,8112,289,3,286
17669,9681,10881,0,0,36951,,,,,,1,1,7.81958997,18834,8896,8571,325,0,325
17669,10431,9543,0,0,37592,,,,,,1,1,7.770520378,19326,8977,8665,312,2,310
17669,10286,10563,2,0,1860,,,,,,1,1,0.382065723,790,469,337,132,0,132
17669,9642,9345,0,0,36725,,,,,,1,1,7.900919772,19026,8706,8419,287,3,284
17669,9874,10860,0,0,4874,,,,,,1,1,1.070668952,2202,1242,1054,188,0,188
17669,10554,9409,2,2,38358,,,,,,1,1,8.024593129,19362,9345,9039,306,13,293
17669,9712,10758,1,2,36863,,,,,,1,1,7.797017335,18973,8805,8525,280,4,276
17669,9857,10953,2,0,3755,,,,,,1,1,0.764711794,1715,942,786,156,1,155
17669,9344,11399,0,2,4722,,,,,,1,1,1.021475058,2198,1168,980,188,1,187
17669,9897,10939,0,2,6276,,,,,,1,1,1.284524313,2965,1556,1357,199,3,196
17669,10507,9415,2,2,35643,,,,,,1,1,7.510063958,18360,8511,8250,261,11,250
17669,10175,8937,3,2,34785,,,,,,1,1,7.228177866,18061,8227,7957,270,4,266
17669,9406,10325,0,0,34577,,,,,,1,1,7.463386027,18084,8117,7858,259,1,258
17669,9940,9956,0,0,36824,,,,,,1,1,7.639704492,18698,8912,8610,302,2,300
17669,9771,8009,0,0,38484,,,,,,1,1,7.969165139,19640,9287,9017,270,3,267
17669,8687,10486,0,2,37967,,,,,,1,1,8.06076046,18991,9339,9041,298,3,295
17669,10210,9359,3,2,37165,,,,,,1,1,7.531637143,18883,8990,8688,302,4,298
17669,9884,10859,0,0,1847,,,,,,1,1,0.382718082,790,470,353,117,0,117
17669,10354,10384,0,0,4302,,,,,,1,1,0.876167867,1978,1070,886,184,0,184
17669,11422,9310,0,0,3680,,,,,,1,1,0.752600931,1708,907,749,158,0,158
17669,10578,9485,4,2,36997,,,,,,1,1,7.741850478,18996,8846,8537,309,5,304
17669,10534,10336,0,0,15530,,,,,,1,1,3.2939225260000002,7754,3753,3483,270,0,270
17669,9501,11105,1,2,38488,,,,,,1,1,7.9588984289999996,19499,9333,9010,323,1,322
17669,10534,10274,0,0,1600,,,,,,1,1,0.350138519,681,402,287,115,1,114
17669,10320,10414,0,0,2825,,,,,,1,1,0.580033643,1244,709,546,163,0,163
17669,10545,10287,0,4,1338,,,,,,1,1,0.279513643,524,352,242,110,1,109
17669,10447,10389,0,0,1813,,,,,,1,1,0.439932808,720,476,335,141,0,141
17669,10686,9868,0,0,36804,,,,,,1,1,7.864273761,18952,8770,8458,312,3,309
17669,11013,9720,2,2,7362,,,,,,1,1,1.49796434,3482,1824,1592,232,1,231
17669,9812,10591,0,0,35654,,,,,,1,1,7.521966142,18791,8291,8010,281,2,279
17669,10731,10181,1,2,18571,,,,,,1,1,3.7464824329999997,9377,4475,4231,244,4,240
17669,10107,10496,2,0,34565,,,,,,1,1,7.135428883,18043,8113,7817,296,6,290
17669,11055,9763,0,0,2217,,,,,,1,1,0.443086427,983,547,407,140,1,139
17669,10025,11087,4,0,6327,,,,,,1,1,1.3278579640000001,2996,1567,1370,197,2,195
17669,10882,10028,0,0,13132,,,,,,1,1,2.653047923,6608,3153,2935,218,2,216
17669,8269,10987,0,2,37137,,,,,,1,1,7.867799048,19060,8894,8605,289,2,287
17669,10321,10558,3,2,5678,,,,,,1,1,1.26286364,2650,1410,1202,208,0,208
17669,11055,9686,6,2,30077,,,,,,1,1,6.28941323,15206,7283,6978,305,0,305
17669,9758,11056,2,0,1473,,,,,,1,1,0.305914798,598,374,247,127,0,127
17669,10254,10480,0,0,6333,,,,,,1,1,1.283962667,2954,1586,1379,207,0,207
17669,10430,9831,2,8,35992,,,,,,1,1,7.4014442670000005,18500,8578,8242,336,15,321
17669,10291,10005,1,4,34739,,,,,,1,1,7.33297933,18346,8058,7781,277,2,275
17669,8942,8023,0,0,37841,,,,,,1,1,8.011564562,19561,9012,8756,256,4,252
17669,9161,11570,4,0,8698,,,,,,1,1,1.773387882,4174,2153,1935,218,6,212
17669,9282,10863,1,0,36830,,,,,,1,1,7.749807385,18947,8804,8529,275,1,274
17669,8607,9613,1,2,37827,,,,,,1,1,7.7718322539999996,19511,9025,8759,266,3,263
17669,9328,10888,0,4,36215,,,,,,1,1,7.542283854,18735,8593,8299,294,0,294
17669,10134,10598,0,0,3375,,,,,,1,1,0.687749028,1557,823,651,172,0,172
17669,9258,9858,0,2,35743,,,,,,1,1,7.352325756,18173,8655,8395,260,0,260
17669,10083,10764,4,0,25247,,,,,,1,1,5.33704499,13085,5948,5682,266,2,264
17669,10822,9911,0,2,7558,,,,,,1,1,1.5451435980000001,3676,1842,1644,198,0,198
17669,9764,9431,0,2,34866,,,,,,1,1,7.383777266,18364,8122,7864,258,2,256
17669,8934,9722,0,0,38392,,,,,,1,1,7.921164628,19554,9276,8990,286,1,285
17669,9748,9048,0,4,35834,,,,,,1,1,7.496545996,18971,8300,8037,263,11,252
17669,10357,10320,5,0,37497,,,,,,1,1,7.894199407,18836,9187,8900,287,5,282
17669,9268,8487,0,0,36850,,,,,,1,1,7.487453751,18998,8794,8530,264,3,261
17669,10385,9376,2,0,37458,,,,,,1,1,7.694129252,19170,9004,8724,280,1,279
17669,10567,9137,5,0,37700,,,,,,1,1,7.799066842,19184,9098,8778,320,15,305
17669,11081,9198,4,0,36262,,,,,,1,1,7.509537182,18770,8586,8266,320,2,318
17669,10706,10260,0,2,3810,,,,,,1,1,0.776525995,1778,931,761,170,1,169
17669,9938,10639,0,0,35616,,,,,,1,1,7.43833906,18511,8405,8110,295,3,292
17669,9624,10810,1,2,35822,,,,,,1,1,7.4438201,18582,8474,8182,292,3,289
17669,9456,10514,0,0,37667,,,,,,1,1,7.706819725,19189,9094,8804,290,4,286
17669,10634,9222,2,0,39554,,,,,,1,1,8.155715746,19899,9672,9361,311,0,311
17669,10306,9920,0,0,35561,,,,,,1,1,7.284965387,18580,8329,8006,323,6,317
17669,8799,10213,0,0,38021,,,,,,1,1,7.780240606,19188,9278,9001,277,0,277
17669,10883,9671,0,0,36456,,,,,,1,1,7.472476285,18516,8818,8514,304,0,304
17669,9444,10991,5,0,34815,,,,,,1,1,7.432841133,18559,7977,7675,302,2,300
17669,9506,10009,2,2,37772,,,,,,1,1,7.765727863,19294,9090,8792,298,5,293
17669,10886,10113,1,0,36879,,,,,,1,1,7.717963498,18797,8889,8585,304,3,301
17669,10139,9310,0,0,36151,,,,,,1,1,7.424921303,18713,8569,8269,300,4,296
17669,10768,9965,4,0,8967,,,,,,1,1,1.811961942,4331,2201,1967,234,3,231
17669,10779,9900,3,0,35906,,,,,,1,1,7.34176174,18566,8507,8181,326,1,325
17669,8481,10554,0,0,37488,,,,,,1,1,7.641142545,18914,9147,8867,280,2,278
17669,10632,9032,4,0,35755,,,,,,1,1,7.301633232,18590,8449,8182,267,6,261
17669,10884,9850,0,0,6983,,,,,,1,1,1.418556245,3446,1672,1479,193,0,193
17669,9344,8593,0,0,37001,,,,,,1,1,7.611379899,19219,8764,8510,254,3,251
17669,10955,9783,0,2,4766,,,,,,1,1,0.969015156,2253,1173,1006,167,0,167
17669,9571,10612,2,0,36989,,,,,,1,1,7.83556756,18746,8970,8667,303,6,297
17669,10591,10064,0,2,36079,,,,,,1,1,7.648292467,18680,8549,8248,301,1,300
17669,10409,10347,0,2,1526,,,,,,1,1,0.313159981,563,411,270,141,2,139
17669,10723,10361,0,0,4480,,,,,,1,1,0.907260313,2073,1118,947,171,0,171
17669,10281,9578,0,0,35927,,,,,,1,1,7.309408531,18813,8419,8143,276,3,273
17669,10913,9819,0,0,2650,,,,,,1,1,0.541342833,1178,655,493,162,0,162
17669,8681,12068,0,0,1821,,,,,,1,1,0.387284821,801,446,318,128,0,128
17669,9888,10847,0,2,9273,,,,,,1,1,1.8702692829999998,4563,2232,1986,246,4,242
17669,9355,11385,0,0,4045,,,,,,1,1,0.824668356,1884,984,791,193,0,193
17669,10160,8955,2,0,36718,,,,,,1,1,7.476354718,18738,8853,8579,274,3,271
17669,9280,10307,0,4,38375,,,,,,1,1,7.86841304,19244,9423,9138,285,3,282
17669,10374,9215,2,0,38059,,,,,,1,1,7.916456868,19550,9115,8836,279,2,277
17669,10700,9860,4,2,38327,,,,,,1,1,7.760975737,19141,9415,9059,356,5,351
17669,10715,9479,0,2,36642,,,,,,1,1,7.607897378,19092,8614,8292,322,6,316
17669,11458,9631,0,0,2522,,,,,,1,1,0.523523598,1061,656,507,149,1,148
17669,10545,10186,0,2,10033,,,,,,1,1,2.084919374,4958,2431,2218,213,4,209
17669,8640,10402,0,2,36926,,,,,,1,1,7.465169718,18932,8865,8601,264,3,261
17669,9404,11104,0,0,35637,,,,,,1,1,7.34385825,18576,8394,8121,273,1,272
17669,11621,9397,2,0,2805,,,,,,1,1,0.5718053,1281,685,531,154,0,154
17669,9494,10974,2,1,34257,,,,,,1,1,6.962980621,17898,8038,7755,283,6,277
17669,9704,11036,0,0,4453,,,,,,1,1,0.904383887,2092,1097,930,167,3,164
17669,9775,10021,0,0,34510,,,,,,1,1,7.077636216,18073,8079,7800,279,5,274
17669,10336,10397,4,0,6446,,,,,,1,1,1.31089604,3055,1597,1400,197,3,194
17669,10444,9955,0,2,38022,,,,,,1,1,7.703816334,18976,9347,8995,352,4,348
17669,10335,10404,0,0,1560,,,,,,1,1,0.323677094,626,401,269,132,0,132
17669,10367,10364,0,0,2259,,,,,,1,1,0.469167759,976,576,445,131,0,131
17669,10481,10230,0,0,38616,,,,,,1,1,7.77515355,19191,9546,9213,333,1,332
17669,10425,9983,2,2,37462,,,,,,1,1,7.638254254,19309,8916,8595,321,3,318
17669,10601,10146,4,0,5222,,,,,,1,1,1.063863079,2409,1307,1108,199,5,194
17669,9932,10805,0,0,1633,,,,,,1,1,0.337291986,655,428,306,122,0,122
17669,9683,11074,2,0,3449,,,,,,1,1,0.703592622,1572,856,691,165,2,163
17669,11414,9317,4,0,3104,,,,,,1,1,0.631857922,1374,782,616,166,4,162
17669,10526,10448,0,0,11151,,,,,,1,1,2.251237104,5613,2659,2439,220,1,219
17669,10753,9979,2,2,7502,,,,,,1,1,1.512484838,3517,1879,1652,227,5,222
17669,9201,8844,2,0,36869,,,,,,1,1,7.595059278,19134,8742,8491,251,4,247
17669,9770,9921,2,0,37675,,,,,,1,1,7.737434474,19041,9168,8870,298,3,295
17669,10576,9802,1,0,35202,,,,,,1,1,7.194164086,18461,8224,7931,293,1,292
17669,9277,10223,2,2,37302,,,,,,1,1,7.57699317,18931,9034,8731,303,1,302
17669,9855,10876,2,0,2037,,,,,,1,1,0.415767642,812,538,389,149,0,149
17669,10437,10458,2,3,22143,,,,,,1,1,4.50175801,11154,5344,5043,301,2,299
17669,10075,10662,0,4,4662,,,,,,1,1,0.950933998,2191,1148,973,175,3,172
17669,10203,10531,2,0,5517,,,,,,1,1,1.172195723,2546,1381,1172,209,3,206
17669,8398,10527,0,0,36764,,,,,,1,1,7.519712845,19125,8674,8383,291,2,289
17669,9968,8507,2,0,35582,,,,,,1,1,7.403055805,18343,8495,8246,249,4,245
17669,10999,9651,4,0,35880,,,,,,1,1,7.313860714,18182,8702,8408,294,8,286
17669,10792,9939,0,2,35626,,,,,,1,1,7.206791998,18889,8225,7938,287,0,287
17669,7665,10535,0,0,37080,,,,,,1,1,7.602990521,19416,8699,8433,266,3,263
17669,10852,9485,4,0,35973,,,,,,1,1,7.593124096,18616,8541,8266,275,3,272
17669,10391,10342,2,2,11828,,,,,,1,1,2.4249159479999998,5850,2862,2608,254,6,248
17669,10903,9988,2,2,34208,,,,,,1,1,7.176623416,17730,8091,7795,296,6,290
17669,10534,9451,6,0,36122,,,,,,1,1,7.52236552,18770,8531,8241,290,1,289
17669,10037,10265,2,2,35901,,,,,,1,1,7.399035286,18766,8405,8080,325,1,324
17669,9274,10514,0,2,35782,,,,,,1,1,7.338572689,18396,8553,8273,280,2,278
17669,10350,10458,0,4,23349,,,,,,1,1,4.642268303,12076,5495,5212,283,0,283
17669,9865,10869,0,2,12315,,,,,,1,1,2.0810829379999998,6266,2915,2696,219,0,219
17669,9081,9745,0,2,36022,,,,,,1,1,7.285828483,18433,8667,8412,255,2,253
17669,9900,10264,2,0,35838,,,,,,1,1,7.429369002,18335,8609,8324,285,0,285
17669,10080,10268,0,0,36462,,,,,,1,1,6.338148126,18973,8585,8266,319,2,317
17669,9576,10267,2,0,35986,,,,,,1,1,7.492016487,18841,8431,8148,283,7,276
17669,9916,10729,0,2,35717,,,,,,1,1,5.782155577,18596,8423,8148,275,3,272
17669,9873,10546,1,2,34126,,,,,,1,1,6.11756142,17984,7949,7705,244,1,243
17669,9421,10205,2,0,36521,,,,,,1,1,7.463326635,18859,8682,8384,298,3,295
17669,10885,9478,0,0,38023,,,,,,1,1,7.687055662,18902,9401,9082,319,3,316
17669,9997,10974,0,2,28170,,,,,,1,1,5.396641951,14131,6864,6553,311,1,310
17669,9501,8826,2,0,35227,,,,,,1,1,5.894759797,18734,8113,7846,267,1,266
17669,10084,9240,0,4,38911,,,,,,1,1,5.573932679,19348,9623,9306,317,4,313
17669,10137,9631,0,0,35107,,,,,,1,1,6.571333006,18262,8289,8022,267,0,267
17669,8791,9914,0,2,37476,,,,,,1,1,6.82002209,19167,9013,8730,283,3,280
17669,10300,9739,0,0,36987,,,,,,1,1,7.50144633,19004,8841,8540,301,1,300
17669,9960,10091,4,2,36697,,,,,,1,1,7.307769284,18703,8840,8526,314,3,311
17669,9040,11463,0,0,35049,,,,,,1,1,7.101007293,18480,8132,7827,305,8,297
17669,10293,9605,0,2,37748,,,,,,1,1,6.840272347,19315,9065,8762,303,15,288
17669,9259,10218,0,0,37673,,,,,,1,1,6.904860176,19441,8965,8663,302,3,299
